Champion,wr,wrdelta,avgwr,Pick Rate,Ban Rate,PBI Index,PBIno,lane,games,rank
Riven,60.47,9.31,51.16,5.70,6.34,31.0,3.329752953813104,top lane,506,CHALLENGER
Ahri,56.85,4.4,52.45,13.24,3.80,20.0,4.545454545454545,middle lane,"1,175",CHALLENGER
Nautilus,57.79,4.82,52.97,12.15,12.48,33.0,6.846473029045643,support lane,"1,078",CHALLENGER
Ambessa,57.88,8.61,49.27,10.01,37.55,40.0,4.645760743321719,jungle lane,888,CHALLENGER
Ashe,58.12,4.24,53.879999999999995,10.68,3.39,30.0,7.0754716981132075,bottom lane,948,CHALLENGER
Akali,57.75,8.7,49.05,9.23,18.75,27.0,3.1034482758620694,middle lane,819,CHALLENGER
Talon,59.55,10.6,48.949999999999996,6.07,16.05,30.0,2.8301886792452833,jungle lane,539,CHALLENGER
Lulu,57.58,8.0,49.58,8.47,7.75,20.0,2.5,support lane,752,CHALLENGER
Twisted Fate,62.38,5.32,57.06,4.82,1.05,34.0,6.390977443609022,middle lane,428,CHALLENGER
Shen,60.96,12.63,48.33,2.83,1.97,16.0,1.2668250197941409,top lane,251,CHALLENGER
Hecarim,60.1,13.16,46.94,4.57,7.06,23.0,1.7477203647416413,jungle lane,406,CHALLENGER
Jinx,55.64,6.93,48.71,9.09,1.34,2.0,0.28860028860028863,bottom lane,807,CHALLENGER
Rakan,61.3,8.95,52.349999999999994,5.04,0.59,30.0,3.3519553072625703,support lane,447,CHALLENGER
Elise,67.11,12.44,54.67,3.39,5.89,42.0,3.3762057877813505,support lane,301,CHALLENGER
Fiora,58.68,9.03,49.65,4.28,8.95,15.0,1.6611295681063125,top lane,380,CHALLENGER
Lucian,56.86,5.28,51.58,13.14,3.92,20.0,3.7878787878787876,bottom lane,"1,166",CHALLENGER
Irelia,56.04,4.45,51.589999999999996,6.25,12.10,5.0,1.1235955056179774,top lane,555,CHALLENGER
Rengar,66.25,9.78,56.47,3.64,22.37,51.0,5.214723926380368,jungle lane,323,CHALLENGER
Qiyana,56.66,4.14,52.519999999999996,5.33,9.72,7.0,1.6908212560386475,middle lane,473,CHALLENGER
Bard,57.23,4.55,52.68,15.12,10.70,31.0,6.813186813186814,support lane,"1,342",CHALLENGER
Yunara,53.61,7.04,46.57,14.21,3.98,-26.0,-3.6931818181818183,bottom lane,"1,261",CHALLENGER
Janna,58.77,9.9,48.870000000000005,3.85,1.71,13.0,1.3131313131313131,support lane,342,CHALLENGER
Vayne,56.25,3.78,52.47,8.47,10.46,8.0,2.1164021164021167,top lane,752,CHALLENGER
Rek'Sai,65.13,8.79,56.339999999999996,2.68,2.82,27.0,3.071672354948806,jungle lane,238,CHALLENGER
Jax,59.15,4.45,54.699999999999996,5.30,14.47,23.0,5.168539325842697,top lane,470,CHALLENGER
Twitch,58.47,8.14,50.33,2.79,3.57,9.0,1.1056511056511056,bottom lane,248,CHALLENGER
Syndra,58.64,6.07,52.57,6.78,3.68,23.0,3.789126853377265,middle lane,602,CHALLENGER
Thresh,55.26,4.21,51.05,5.89,6.10,-1.0,-0.23752969121140144,support lane,523,CHALLENGER
Zilean,60.0,3.51,56.49,1.69,1.55,8.0,2.2792022792022792,support lane,150,CHALLENGER
Katarina,58.24,6.88,51.36,4.24,13.40,14.0,2.0348837209302326,middle lane,376,CHALLENGER
Darius,56.25,8.93,47.32,2.52,9.16,2.0,0.22396416573348266,top lane,224,CHALLENGER
Bel'Veth,65.03,11.08,53.95,3.22,8.44,34.0,3.068592057761733,jungle lane,286,CHALLENGER
Jhin,55.36,7.38,47.98,12.82,0.62,0.0,0.0,bottom lane,"1,138",CHALLENGER
Graves,55.07,6.87,48.2,14.34,26.56,-6.0,-0.8733624454148472,jungle lane,"1,273",CHALLENGER
Quinn,66.96,7.14,59.81999999999999,1.30,0.65,15.0,2.100840336134454,top lane,115,CHALLENGER
Aurelion Sol,60.51,2.73,57.78,1.77,0.98,9.0,3.2967032967032965,bottom lane,157,CHALLENGER
Zed,56.24,5.37,50.870000000000005,5.69,18.10,6.0,1.1173184357541899,middle lane,505,CHALLENGER
Milio,59.14,8.24,50.9,3.14,2.53,12.0,1.4563106796116505,support lane,279,CHALLENGER
Lee Sin,56.78,4.32,52.46,19.45,15.61,32.0,7.4074074074074066,jungle lane,"1,726",CHALLENGER
Poppy,59.43,0.56,58.87,1.97,6.25,8.0,14.285714285714285,support lane,175,CHALLENGER
Yasuo,54.24,5.51,48.730000000000004,6.38,17.93,-9.0,-1.633393829401089,middle lane,566,CHALLENGER
Aatrox,53.55,-1.29,54.839999999999996,4.44,6.04,-9.0,6.976744186046512,top lane,394,CHALLENGER
Sona,56.7,3.99,52.71,6.56,3.06,9.0,2.255639097744361,support lane,582,CHALLENGER
Ezreal,53.11,4.9,48.21,27.13,16.34,-74.0,-15.102040816326529,bottom lane,"2,408",CHALLENGER
Lissandra,59.0,2.48,56.52,5.63,2.24,21.0,8.467741935483872,middle lane,500,CHALLENGER
Naafiri,55.62,4.27,51.349999999999994,8.23,18.34,2.0,0.468384074941452,jungle lane,730,CHALLENGER
Alistar,57.56,7.43,50.13,5.36,2.65,12.0,1.6150740242261103,support lane,476,CHALLENGER
Swain,59.52,9.52,50.0,2.37,0.84,10.0,1.050420168067227,bottom lane,210,CHALLENGER
Orianna,56.87,8.22,48.65,8.28,4.34,13.0,1.581508515815085,middle lane,735,CHALLENGER
Viego,55.85,6.81,49.04,10.59,8.22,5.0,0.7342143906020558,jungle lane,940,CHALLENGER
LeBlanc,56.47,0.84,55.629999999999995,6.19,18.29,8.0,9.523809523809524,middle lane,549,CHALLENGER
Soraka,56.88,2.63,54.25,5.41,2.50,8.0,3.0418250950570345,support lane,480,CHALLENGER
Cho'Gath,62.28,8.07,54.21,1.88,0.31,13.0,1.61090458488228,top lane,167,CHALLENGER
Caitlyn,53.37,5.28,48.089999999999996,13.39,12.91,-31.0,-5.871212121212121,bottom lane,"1,188",CHALLENGER
Jayce,51.4,3.2,48.199999999999996,12.08,13.27,-56.0,-17.5,top lane,"1,072",CHALLENGER
Seraphine,59.11,4.91,54.2,5.57,1.37,21.0,4.276985743380855,support lane,494,CHALLENGER
Ekko,57.75,6.81,50.94,4.21,3.21,10.0,1.4684287812041117,jungle lane,374,CHALLENGER
Sylas,53.3,4.23,49.06999999999999,7.50,10.40,-17.0,-4.0189125295508275,middle lane,666,CHALLENGER
Aphelios,56.1,5.74,50.36,4.16,2.08,3.0,0.5226480836236934,bottom lane,369,CHALLENGER
Annie,58.29,1.53,56.76,6.46,0.97,19.0,12.418300653594772,middle lane,573,CHALLENGER
Rumble,55.34,6.6,48.74,4.74,5.34,0.0,0.0,top lane,421,CHALLENGER
Draven,55.77,3.84,51.93000000000001,2.93,21.46,1.0,0.2604166666666667,bottom lane,260,CHALLENGER
Kindred,56.25,4.45,51.8,5.23,4.65,5.0,1.1235955056179774,jungle lane,464,CHALLENGER
Nami,52.71,3.68,49.03,10.41,3.09,-29.0,-7.880434782608695,support lane,924,CHALLENGER
Vladimir,57.77,12.72,45.050000000000004,3.34,5.44,8.0,0.6289308176100629,middle lane,296,CHALLENGER
Kayle,58.02,0.18,57.84,1.48,2.56,4.0,22.22222222222222,top lane,131,CHALLENGER
Nidalee,58.75,9.84,48.91,5.79,5.13,21.0,2.1341463414634148,jungle lane,514,CHALLENGER
Senna,58.96,2.01,56.95,3.90,0.91,14.0,6.965174129353235,bottom lane,346,CHALLENGER
Rell,56.9,3.62,53.28,4.73,1.28,7.0,1.9337016574585635,support lane,420,CHALLENGER
Blitzcrank,58.55,7.48,51.06999999999999,3.43,7.59,12.0,1.6042780748663101,support lane,304,CHALLENGER
Jarvan IV,54.4,3.92,50.48,12.92,2.85,-13.0,-3.316326530612245,jungle lane,"1,147",CHALLENGER
Kennen,58.85,4.62,54.230000000000004,2.16,2.22,8.0,1.7316017316017316,top lane,192,CHALLENGER
Kai'Sa,55.01,6.02,48.989999999999995,12.92,1.99,-5.0,-0.8305647840531563,bottom lane,"1,147",CHALLENGER
Kog'Maw,60.45,9.49,50.96,1.51,0.32,8.0,0.8429926238145417,bottom lane,134,CHALLENGER
Aurora,55.44,7.87,47.57,9.73,3.78,1.0,0.12706480304955528,middle lane,864,CHALLENGER
Xin Zhao,56.32,6.85,49.47,8.64,1.15,8.0,1.1678832116788322,jungle lane,767,CHALLENGER
Tristana,59.24,7.9,51.34,3.84,1.32,15.0,1.8987341772151898,bottom lane,341,CHALLENGER
Akshan,57.14,11.44,45.7,4.42,5.95,8.0,0.6993006993006994,middle lane,392,CHALLENGER
Neeko,55.71,4.04,51.67,4.94,2.28,2.0,0.49504950495049505,support lane,438,CHALLENGER
Olaf,60.57,8.82,51.75,1.97,1.87,10.0,1.1337868480725624,top lane,175,CHALLENGER
Karma,51.13,5.67,45.46,13.51,13.65,-67.0,-11.81657848324515,support lane,"1,199",CHALLENGER
Nocturne,57.32,3.91,53.41,6.47,4.50,13.0,3.3248081841432224,jungle lane,574,CHALLENGER
Viktor,54.89,6.36,48.53,6.92,3.43,-4.0,-0.6289308176100629,middle lane,614,CHALLENGER
Kha'Zix,56.99,6.64,50.35,5.32,5.51,9.0,1.355421686746988,jungle lane,472,CHALLENGER
Braum,57.98,8.79,49.19,4.02,8.77,11.0,1.2514220705346986,support lane,357,CHALLENGER
Kassadin,55.23,5.91,49.31999999999999,3.12,4.26,-1.0,-0.1692047377326565,middle lane,277,CHALLENGER
Malphite,55.45,3.56,51.89,3.72,14.32,0.0,0.0,top lane,330,CHALLENGER
Zac,60.96,10.96,50.0,2.11,2.30,12.0,1.094890510948905,jungle lane,187,CHALLENGER
Evelynn,59.12,17.22,41.9,1.79,2.76,7.0,0.40650406504065045,jungle lane,159,CHALLENGER
Xayah,57.98,4.85,53.129999999999995,2.90,0.46,8.0,1.6494845360824744,bottom lane,257,CHALLENGER
Yone,56.34,6.89,49.45,7.38,2.41,7.0,1.0159651669085632,middle lane,655,CHALLENGER
Miss Fortune,54.82,6.46,48.36,3.39,0.18,-2.0,-0.30959752321981426,bottom lane,301,CHALLENGER
Zoe,53.61,1.56,52.05,5.78,16.33,-12.0,-7.692307692307692,middle lane,513,CHALLENGER
Yuumi,51.18,6.37,44.81,2.38,10.45,-11.0,-1.7268445839874411,support lane,211,CHALLENGER
Sivir,56.1,1.4,54.7,5.26,4.04,4.0,2.857142857142857,bottom lane,467,CHALLENGER
Nunu & Willump,55.38,1.45,53.93,3.56,2.07,0.0,0.0,jungle lane,316,CHALLENGER
Anivia,53.04,-1.63,54.67,6.48,9.52,-17.0,10.429447852760736,middle lane,575,CHALLENGER
Pyke,49.27,4.39,44.88,6.95,37.32,-68.0,-15.489749430523919,support lane,617,CHALLENGER
Master Yi,53.46,6.61,46.85,4.24,10.31,-9.0,-1.361573373676248,jungle lane,376,CHALLENGER
Lux,54.59,5.78,48.81,2.58,1.83,-2.0,-0.3460207612456747,support lane,229,CHALLENGER
Ziggs,56.41,3.43,52.98,2.64,0.23,3.0,0.8746355685131195,bottom lane,234,CHALLENGER
Taliyah,55.47,3.51,51.96,2.88,1.31,0.0,0.0,middle lane,256,CHALLENGER
Gangplank,55.67,11.69,43.980000000000004,2.19,3.35,1.0,0.0855431993156544,top lane,194,CHALLENGER
Leona,51.78,1.61,50.17,3.81,2.88,-14.0,-8.695652173913043,support lane,338,CHALLENGER
Samira,53.71,-1.32,55.03,3.19,3.07,-6.0,4.545454545454545,bottom lane,283,CHALLENGER
Vex,59.76,7.84,51.92,1.85,1.64,8.0,1.0204081632653061,middle lane,164,CHALLENGER
Diana,55.8,12.21,43.589999999999996,2.52,3.00,1.0,0.0819000819000819,jungle lane,224,CHALLENGER
Gwen,55.07,9.79,45.28,2.33,3.51,-1.0,-0.10214504596527069,top lane,207,CHALLENGER
Teemo,64.71,4.86,59.849999999999994,1.53,1.68,15.0,3.0864197530864197,top lane,136,CHALLENGER
Karthus,55.46,9.83,45.63,2.68,6.12,0.0,0.0,jungle lane,238,CHALLENGER
Corki,51.02,4.38,46.64,6.07,1.02,-27.0,-6.164383561643835,bottom lane,539,CHALLENGER
Xerath,51.38,5.82,45.56,2.46,2.67,-10.0,-1.7182130584192439,middle lane,218,CHALLENGER
Kayn,52.9,-0.86,53.76,2.92,2.06,-7.0,8.13953488372093,jungle lane,259,CHALLENGER
Kled,60.95,5.07,55.88,1.18,0.77,7.0,1.3806706114398422,top lane,105,CHALLENGER
Kalista,56.0,5.37,50.63,2.54,0.60,2.0,0.37243947858473,bottom lane,225,CHALLENGER
Hwei,53.32,4.29,49.03,5.77,1.41,-12.0,-2.797202797202797,middle lane,512,CHALLENGER
Galio,55.08,5.24,49.839999999999996,4.99,2.30,-2.0,-0.38167938931297707,middle lane,443,CHALLENGER
Fiddlesticks,59.83,15.97,43.86,1.32,2.86,6.0,0.37570444583594237,jungle lane,117,CHALLENGER
Yorick,55.81,8.97,46.84,2.42,2.59,1.0,0.11148272017837234,top lane,215,CHALLENGER
Udyr,58.08,7.52,50.56,1.88,1.89,5.0,0.6648936170212766,jungle lane,167,CHALLENGER
Camille,54.72,6.97,47.75,3.46,0.83,-2.0,-0.28694404591104733,top lane,307,CHALLENGER
Zeri,56.58,12.77,43.81,1.71,0.15,2.0,0.15661707126076743,bottom lane,152,CHALLENGER
Briar,57.58,5.61,51.97,2.23,2.57,5.0,0.8912655971479501,jungle lane,198,CHALLENGER
K'Sante,48.21,5.93,42.28,6.29,2.81,-46.0,-7.757166947723441,top lane,558,CHALLENGER
Sion,51.84,3.34,48.5,4.89,1.19,-18.0,-5.389221556886228,top lane,434,CHALLENGER
Veigar,53.57,1.57,52.0,1.58,0.34,-3.0,-1.910828025477707,middle lane,140,CHALLENGER
Pantheon,51.72,2.2,49.519999999999996,6.54,1.70,-24.0,-10.909090909090908,jungle lane,580,CHALLENGER
Smolder,53.42,1.57,51.85,3.63,2.81,-7.0,-4.45859872611465,bottom lane,322,CHALLENGER
Zyra,56.45,3.95,52.5,2.10,3.51,2.0,0.5063291139240506,jungle lane,186,CHALLENGER
Shaco,55.13,1.56,53.57,1.76,7.40,0.0,0.0,jungle lane,156,CHALLENGER
Cassiopeia,53.7,1.16,52.540000000000006,1.83,2.72,-3.0,-2.586206896551724,middle lane,162,CHALLENGER
Gragas,56.39,0.03,56.36,1.50,0.51,2.0,66.66666666666667,top lane,133,CHALLENGER
Varus,45.96,5.21,40.75,5.30,4.36,-52.0,-9.980806142034549,bottom lane,470,CHALLENGER
Tryndamere,56.21,5.59,50.620000000000005,1.72,1.63,1.0,0.17889087656529518,top lane,153,CHALLENGER
Fizz,52.74,6.94,45.800000000000004,2.26,1.61,-6.0,-0.8645533141210374,middle lane,201,CHALLENGER
Urgot,56.94,-0.47,57.41,1.62,1.02,3.0,-6.382978723404256,top lane,144,CHALLENGER
Ryze,48.66,3.98,44.68,9.24,2.45,-64.0,-16.08040201005025,middle lane,820,CHALLENGER
Malzahar,49.62,-4.48,54.099999999999994,1.50,1.95,-9.0,2.008928571428571,middle lane,133,CHALLENGER
Shyvana,49.57,4.01,45.56,1.30,2.49,-8.0,-1.9950124688279303,jungle lane,115,CHALLENGER
Ornn,52.68,-4.29,56.97,2.31,0.62,-6.0,1.3986013986013985,top lane,205,CHALLENGER
Mordekaiser,55.35,4.42,50.93,1.79,1.97,0.0,0.0,top lane,159,CHALLENGER
Garen,49.72,4.63,45.089999999999996,2.02,2.27,-12.0,-2.591792656587473,top lane,179,CHALLENGER
Vi,52.08,7.13,44.949999999999996,5.69,0.99,-19.0,-2.6647966339410942,jungle lane,505,CHALLENGER
Mel,50.18,5.56,44.62,3.17,28.88,-23.0,-4.136690647482014,middle lane,281,CHALLENGER
Wukong,47.73,1.13,46.599999999999994,1.49,0.67,-11.0,-9.734513274336283,jungle lane,132,CHALLENGER
Gnar,51.38,5.94,45.440000000000005,7.76,2.31,-32.0,-5.387205387205387,top lane,689,CHALLENGER
Renekton,52.19,3.13,49.059999999999995,5.40,5.67,-18.0,-5.7507987220447285,top lane,479,CHALLENGER
Azir,47.49,3.26,44.230000000000004,5.62,0.83,-45.0,-13.803680981595093,middle lane,499,CHALLENGER
Lillia,48.08,2.38,45.699999999999996,4.10,1.21,-30.0,-12.605042016806724,jungle lane,364,CHALLENGER
Skarner,51.03,-1.0,52.03,2.19,0.33,-10.0,10.0,jungle lane,194,CHALLENGER
Zaahen,46.58,-5.18,51.76,2.47,3.09,-22.0,4.2471042471042475,top lane,219,CHALLENGER
Singed,49.36,-2.68,52.04,4.41,2.38,-27.0,10.074626865671641,top lane,391,CHALLENGER
Sett,54.84,-0.26,55.1,1.75,1.04,-1.0,3.846153846153846,top lane,155,CHALLENGER
Dr. Mundo,50.5,-1.25,51.75,2.28,3.02,-11.0,8.8,top lane,202,CHALLENGER
Talon,55.52,4.11,51.410000000000004,6.35,15.68,22.0,5.35279805352798,jungle lane,"1,767",G.MASTER
Riven,56.05,3.19,52.86,4.55,5.43,16.0,5.015673981191223,top lane,"1,265",G.MASTER
Ahri,54.53,2.14,52.39,11.94,4.04,23.0,10.74766355140187,middle lane,"3,321",G.MASTER
Thresh,55.38,3.15,52.230000000000004,9.42,6.96,28.0,8.88888888888889,support lane,"2,620",G.MASTER
Ashe,55.98,1.69,54.29,12.18,3.40,42.0,24.85207100591716,bottom lane,"3,389",G.MASTER
Aatrox,53.8,5.65,48.15,5.25,7.49,6.0,1.0619469026548671,top lane,"1,461",G.MASTER
Nami,53.52,4.53,48.99,14.75,3.48,13.0,2.869757174392936,support lane,"4,103",G.MASTER
Ambessa,53.2,2.69,50.510000000000005,9.26,36.01,8.0,2.9739776951672865,jungle lane,"2,577",G.MASTER
Janna,55.05,0.83,54.22,5.33,1.74,13.0,15.66265060240964,support lane,"1,484",G.MASTER
Fiora,54.72,3.27,51.449999999999996,4.60,9.23,10.0,3.058103975535168,top lane,"1,281",G.MASTER
Jinx,53.45,4.34,49.11,10.05,1.80,8.0,1.8433179723502304,bottom lane,"2,795",G.MASTER
Rek'Sai,57.9,0.29,57.61,4.59,2.84,25.0,86.20689655172414,jungle lane,"1,278",G.MASTER
Sylas,53.76,3.55,50.21,6.69,11.59,8.0,2.2535211267605635,middle lane,"1,860",G.MASTER
Draven,55.86,4.7,51.16,5.55,22.10,23.0,4.8936170212765955,bottom lane,"1,545",G.MASTER
Bard,53.9,0.93,52.97,11.38,9.08,16.0,17.204301075268816,support lane,"3,167",G.MASTER
Sona,55.05,4.04,51.01,5.41,2.38,13.0,3.217821782178218,support lane,"1,506",G.MASTER
Hecarim,53.67,0.85,52.82,5.09,6.50,5.0,5.882352941176471,jungle lane,"1,416",G.MASTER
Qiyana,53.51,3.76,49.75,3.69,7.63,3.0,0.797872340425532,middle lane,"1,026",G.MASTER
Yunara,52.94,1.91,51.03,13.96,3.93,4.0,2.094240837696335,bottom lane,"3,884",G.MASTER
Graves,53.12,3.47,49.65,14.36,27.41,9.0,2.593659942363112,jungle lane,"3,995",G.MASTER
Yasuo,52.46,4.19,48.27,7.37,19.05,-2.0,-0.477326968973747,middle lane,"2,051",G.MASTER
Pyke,54.56,4.66,49.900000000000006,5.88,37.01,18.0,3.8626609442060085,support lane,"1,635",G.MASTER
Kayle,55.57,3.53,52.04,2.78,2.77,8.0,2.26628895184136,top lane,772,G.MASTER
Akali,52.28,0.44,51.84,7.17,19.29,-3.0,-6.818181818181818,middle lane,"1,995",G.MASTER
Nautilus,51.76,2.7,49.059999999999995,11.52,13.02,-12.0,-4.444444444444444,support lane,"3,205",G.MASTER
Shen,53.36,1.07,52.29,3.79,1.98,3.0,2.803738317757009,top lane,"1,055",G.MASTER
Rengar,54.79,1.67,53.12,5.48,20.53,15.0,8.982035928143713,jungle lane,"1,524",G.MASTER
Zoe,56.41,5.69,50.72,4.88,14.42,21.0,3.690685413005272,middle lane,"1,358",G.MASTER
Rell,54.78,4.5,50.28,5.19,1.29,11.0,2.4444444444444446,support lane,"1,444",G.MASTER
LeBlanc,54.25,3.8,50.45,4.95,18.42,10.0,2.6315789473684212,middle lane,"1,377",G.MASTER
Soraka,53.75,3.32,50.43,4.99,2.57,6.0,1.8072289156626506,support lane,"1,388",G.MASTER
Bel'Veth,55.69,3.54,52.15,3.03,7.73,10.0,2.824858757062147,jungle lane,844,G.MASTER
Anivia,54.38,1.62,52.760000000000005,4.67,8.29,9.0,5.555555555555555,middle lane,"1,300",G.MASTER
Lulu,51.46,1.26,50.2,10.11,8.86,-13.0,-10.317460317460318,support lane,"2,812",G.MASTER
Kindred,54.39,2.17,52.22,3.93,4.71,7.0,3.2258064516129035,jungle lane,"1,094",G.MASTER
Caitlyn,51.82,2.14,49.68,12.31,15.23,-12.0,-5.607476635514018,bottom lane,"3,425",G.MASTER
Katarina,54.07,5.16,48.91,6.14,13.41,10.0,1.937984496124031,middle lane,"1,707",G.MASTER
Poppy,56.95,4.89,52.06,1.63,5.19,7.0,1.4314928425357873,support lane,453,G.MASTER
K'Sante,52.43,3.55,48.88,4.95,3.08,-1.0,-0.28169014084507044,top lane,"1,377",G.MASTER
Naafiri,52.36,2.87,49.49,7.38,19.01,-3.0,-1.0452961672473868,jungle lane,"2,053",G.MASTER
Senna,55.71,3.52,52.19,5.88,1.02,18.0,5.113636363636363,bottom lane,"1,637",G.MASTER
Ekko,54.11,1.87,52.24,4.16,2.98,6.0,3.2085561497326203,jungle lane,"1,157",G.MASTER
Xin Zhao,54.24,4.5,49.74,6.52,1.29,10.0,2.2222222222222223,jungle lane,"1,814",G.MASTER
Karma,51.47,2.76,48.71,13.90,13.40,-19.0,-6.884057971014493,support lane,"3,866",G.MASTER
Ezreal,51.21,2.3,48.910000000000004,23.99,15.62,-41.0,-17.826086956521742,bottom lane,"6,675",G.MASTER
Kennen,56.16,1.84,54.31999999999999,2.25,2.31,8.0,4.3478260869565215,top lane,625,G.MASTER
Shaco,57.24,5.92,51.32,3.25,7.83,16.0,2.7027027027027026,jungle lane,905,G.MASTER
Gangplank,54.19,2.45,51.739999999999995,3.81,3.76,6.0,2.4489795918367343,top lane,"1,061",G.MASTER
Seraphine,54.56,3.2,51.36,6.63,1.50,13.0,4.0625,support lane,"1,844",G.MASTER
Taric,57.29,2.08,55.21,1.06,0.25,5.0,2.4038461538461537,support lane,295,G.MASTER
Lee Sin,53.05,3.41,49.64,14.98,14.94,7.0,2.0527859237536656,jungle lane,"4,166",G.MASTER
Lucian,52.08,2.67,49.41,12.56,3.94,-8.0,-2.9962546816479403,bottom lane,"3,493",G.MASTER
Zed,52.13,1.55,50.580000000000005,6.32,19.45,-4.0,-2.5806451612903225,middle lane,"1,757",G.MASTER
Jax,53.1,3.52,49.58,6.03,14.33,3.0,0.8522727272727273,top lane,"1,678",G.MASTER
Blitzcrank,54.91,0.86,54.05,3.91,8.37,10.0,11.627906976744185,support lane,"1,089",G.MASTER
Lissandra,54.86,4.22,50.64,5.59,2.46,13.0,3.080568720379147,middle lane,"1,555",G.MASTER
Viego,51.84,2.82,49.02,10.73,8.45,-10.0,-3.546099290780142,jungle lane,"2,984",G.MASTER
Samira,54.06,4.52,49.540000000000006,3.80,3.84,6.0,1.3274336283185841,bottom lane,"1,058",G.MASTER
Alistar,52.24,0.28,51.96,5.38,2.45,-2.0,-7.142857142857142,support lane,"1,497",G.MASTER
Jayce,51.18,2.22,48.96,9.14,11.67,-15.0,-6.756756756756756,top lane,"2,544",G.MASTER
Akshan,53.56,0.76,52.800000000000004,3.73,5.30,4.0,5.2631578947368425,middle lane,"1,038",G.MASTER
Xayah,57.36,5.36,52.0,4.35,0.53,21.0,3.917910447761194,bottom lane,"1,210",G.MASTER
Nilah,54.96,4.61,50.35,1.48,2.73,3.0,0.6507592190889371,bottom lane,413,G.MASTER
Twitch,52.38,3.61,48.77,3.77,4.12,-1.0,-0.2770083102493075,bottom lane,"1,050",G.MASTER
Garen,53.21,2.3,50.910000000000004,4.71,2.87,3.0,1.3043478260869565,top lane,"1,310",G.MASTER
Aurelion Sol,54.08,3.31,50.769999999999996,2.47,0.96,4.0,1.2084592145015105,middle lane,686,G.MASTER
Rakan,51.43,3.04,48.39,4.77,0.55,-6.0,-1.9736842105263157,support lane,"1,328",G.MASTER
Tristana,56.56,5.93,50.63,4.05,1.33,16.0,2.69814502529511,bottom lane,"1,128",G.MASTER
Kassadin,52.28,5.72,46.56,3.31,4.67,-1.0,-0.17482517482517484,middle lane,922,G.MASTER
Maokai,56.49,3.68,52.81,2.30,0.16,9.0,2.4456521739130435,support lane,639,G.MASTER
Quinn,54.44,-3.63,58.07,1.62,0.57,3.0,-0.8264462809917356,top lane,450,G.MASTER
Kayn,54.42,6.77,47.650000000000006,3.13,2.48,6.0,0.8862629246676514,jungle lane,871,G.MASTER
Evelynn,56.15,4.99,51.16,2.22,2.56,8.0,1.6032064128256511,jungle lane,618,G.MASTER
Corki,51.97,4.55,47.42,5.85,1.02,-4.0,-0.8791208791208791,bottom lane,"1,628",G.MASTER
Elise,54.93,3.59,51.34,3.13,5.06,7.0,1.9498607242339834,jungle lane,872,G.MASTER
Master Yi,53.9,5.09,48.81,3.64,11.29,5.0,0.9823182711198428,jungle lane,"1,013",G.MASTER
Viktor,51.72,1.38,50.339999999999996,7.51,3.66,-7.0,-5.072463768115942,middle lane,"2,090",G.MASTER
Jhin,51.15,1.41,49.74,13.40,0.71,-20.0,-14.184397163120568,bottom lane,"3,728",G.MASTER
Neeko,52.2,0.89,51.31,3.02,2.19,-1.0,-1.1235955056179776,support lane,841,G.MASTER
Singed,53.48,1.87,51.61,2.89,1.76,2.0,1.06951871657754,top lane,804,G.MASTER
Xerath,51.84,5.82,46.02,4.40,3.14,-4.0,-0.6872852233676976,middle lane,"1,223",G.MASTER
Kha'Zix,53.37,5.73,47.64,5.29,5.47,4.0,0.6980802792321117,jungle lane,"1,471",G.MASTER
Vel'Koz,54.46,1.13,53.33,1.97,1.16,4.0,3.5398230088495577,support lane,549,G.MASTER
Twisted Fate,51.49,1.01,50.480000000000004,5.19,1.01,-6.0,-5.9405940594059405,middle lane,"1,445",G.MASTER
Irelia,51.23,-0.67,51.9,3.94,12.65,-6.0,8.955223880597014,top lane,"1,095",G.MASTER
Jarvan IV,51.51,2.18,49.33,9.27,2.48,-11.0,-5.045871559633027,jungle lane,"2,580",G.MASTER
Leona,52.08,0.33,51.75,4.50,3.10,-3.0,-9.09090909090909,support lane,"1,252",G.MASTER
Veigar,53.31,5.92,47.39,2.44,0.49,2.0,0.33783783783783783,middle lane,679,G.MASTER
Nocturne,54.35,3.35,51.0,5.54,5.27,10.0,2.9850746268656714,jungle lane,"1,542",G.MASTER
Aphelios,51.63,3.3,48.330000000000005,5.40,2.27,-6.0,-1.8181818181818183,bottom lane,"1,501",G.MASTER
Rumble,52.44,2.89,49.55,3.76,4.41,-1.0,-0.3460207612456747,top lane,"1,047",G.MASTER
Kai'Sa,50.8,3.51,47.29,13.43,2.15,-26.0,-7.407407407407407,bottom lane,"3,736",G.MASTER
Annie,52.83,-1.13,53.96,3.87,0.75,1.0,-0.8849557522123894,middle lane,"1,077",G.MASTER
Cho'Gath,53.89,6.31,47.58,1.99,0.38,2.0,0.3169572107765452,top lane,553,G.MASTER
Nidalee,53.23,0.54,52.69,4.07,4.77,2.0,3.7037037037037033,jungle lane,"1,131",G.MASTER
Ziggs,54.61,4.12,50.49,2.57,0.26,5.0,1.2135922330097086,bottom lane,716,G.MASTER
Brand,53.72,3.25,50.47,1.11,0.63,1.0,0.3076923076923077,bottom lane,309,G.MASTER
Briar,56.83,7.04,49.79,2.61,3.14,11.0,1.5625,jungle lane,725,G.MASTER
Ornn,52.49,3.26,49.230000000000004,4.27,0.60,-1.0,-0.3067484662576687,top lane,"1,187",G.MASTER
Nunu & Willump,53.38,3.18,50.2,3.72,1.38,3.0,0.9433962264150942,jungle lane,"1,036",G.MASTER
Milio,50.35,1.61,48.74,4.14,3.10,-10.0,-6.211180124223602,support lane,"1,152",G.MASTER
Zyra,55.98,3.13,52.849999999999994,2.34,3.25,8.0,2.5559105431309903,jungle lane,652,G.MASTER
Camille,54.17,2.36,51.81,3.54,0.88,5.0,2.1186440677966103,top lane,984,G.MASTER
Braum,51.93,1.23,50.7,5.32,9.47,-4.0,-3.252032520325203,support lane,"1,479",G.MASTER
Olaf,54.26,4.17,50.089999999999996,2.40,2.05,4.0,0.9592326139088729,top lane,669,G.MASTER
Malzahar,52.99,5.74,47.25,3.67,2.75,1.0,0.17421602787456444,middle lane,"1,021",G.MASTER
Zac,54.15,2.58,51.57,2.56,1.90,4.0,1.5503875968992247,jungle lane,711,G.MASTER
Kalista,53.95,4.77,49.18000000000001,2.41,0.48,3.0,0.628930817610063,bottom lane,671,G.MASTER
Vladimir,51.59,1.59,50.0,4.17,5.36,-5.0,-3.144654088050314,middle lane,"1,161",G.MASTER
Sion,51.47,4.31,47.16,5.62,1.14,-7.0,-1.6241299303944317,top lane,"1,564",G.MASTER
Sivir,53.13,3.09,50.040000000000006,5.05,3.70,2.0,0.6472491909385114,bottom lane,"1,406",G.MASTER
Zilean,48.35,-1.33,49.68,1.74,1.66,-8.0,6.015037593984962,support lane,484,G.MASTER
Tryndamere,56.21,2.22,53.99,1.27,1.63,5.0,2.252252252252252,top lane,354,G.MASTER
Skarner,58.16,5.34,52.81999999999999,1.21,0.30,7.0,1.3108614232209739,jungle lane,337,G.MASTER
Kog'Maw,53.02,-1.18,54.2,1.84,0.34,1.0,-0.8474576271186441,bottom lane,513,G.MASTER
Syndra,51.46,3.32,48.14,5.44,3.23,-7.0,-2.108433734939759,middle lane,"1,512",G.MASTER
Tahm Kench,51.08,1.6,49.48,0.83,0.41,-1.0,-0.625,support lane,231,G.MASTER
Swain,51.7,-3.01,54.71,1.91,1.07,-2.0,0.6644518272425249,bottom lane,530,G.MASTER
Darius,50.55,2.08,48.47,4.54,10.51,-11.0,-5.288461538461538,top lane,"1,262",G.MASTER
Ivern,55.04,3.26,51.78,1.78,0.73,4.0,1.2269938650306749,jungle lane,496,G.MASTER
Miss Fortune,51.25,2.49,48.76,3.73,0.26,-5.0,-2.008032128514056,bottom lane,"1,038",G.MASTER
Karthus,53.48,2.24,51.239999999999995,2.12,5.02,2.0,0.8928571428571428,jungle lane,589,G.MASTER
Taliyah,52.77,3.14,49.63,2.72,1.00,0.0,0.0,middle lane,758,G.MASTER
Yuumi,49.69,3.7,45.989999999999995,3.52,11.45,-12.0,-3.243243243243243,support lane,980,G.MASTER
Smolder,51.91,3.8,48.11,5.17,3.28,-4.0,-1.0526315789473684,bottom lane,"1,437",G.MASTER
Urgot,54.53,3.23,51.300000000000004,1.98,0.86,4.0,1.238390092879257,top lane,552,G.MASTER
Fiddlesticks,54.46,4.05,50.410000000000004,2.66,2.30,5.0,1.234567901234568,jungle lane,740,G.MASTER
Orianna,51.3,-0.55,51.849999999999994,6.92,3.38,-10.0,18.18181818181818,middle lane,"1,926",G.MASTER
Gragas,53.43,0.93,52.5,2.46,0.68,2.0,2.150537634408602,top lane,685,G.MASTER
Renata Glasc,51.55,-0.24,51.79,0.58,0.14,-1.0,4.166666666666667,support lane,161,G.MASTER
Morgana,49.18,5.68,43.5,1.31,5.71,-5.0,-0.8802816901408451,support lane,364,G.MASTER
Zaahen,51.05,3.88,47.169999999999995,3.59,3.59,-6.0,-1.5463917525773196,top lane,999,G.MASTER
Warwick,53.81,10.22,43.59,0.71,0.36,1.0,0.09784735812133072,top lane,197,G.MASTER
Rammus,56.63,5.98,50.650000000000006,0.60,1.59,2.0,0.33444816053511706,jungle lane,166,G.MASTER
Cassiopeia,53.13,0.51,52.620000000000005,1.66,2.12,1.0,1.9607843137254901,middle lane,463,G.MASTER
Zeri,51.55,1.95,49.599999999999994,1.74,0.16,-2.0,-1.0256410256410258,bottom lane,485,G.MASTER
Lillia,51.46,4.78,46.68,3.44,1.55,-4.0,-0.8368200836820083,jungle lane,956,G.MASTER
Malphite,50.89,1.54,49.35,5.26,15.66,-11.0,-7.142857142857142,top lane,"1,464",G.MASTER
Varus,48.07,3.0,45.07,4.93,3.90,-24.0,-8.0,bottom lane,"1,371",G.MASTER
Pantheon,48.45,1.04,47.410000000000004,3.35,1.72,-14.0,-13.461538461538462,jungle lane,933,G.MASTER
Sett,53.89,-0.64,54.53,1.80,1.08,2.0,-3.125,top lane,501,G.MASTER
Aurora,50.82,0.82,50.0,6.32,3.66,-12.0,-14.634146341463415,middle lane,"1,759",G.MASTER
Heimerdinger,53.85,1.97,51.88,0.75,1.10,1.0,0.5076142131979695,top lane,208,G.MASTER
Shyvana,49.16,2.4,46.76,2.14,3.16,-8.0,-3.3333333333333335,jungle lane,596,G.MASTER
Hwei,51.42,1.52,49.9,4.80,1.63,-6.0,-3.9473684210526314,middle lane,"1,336",G.MASTER
Galio,51.71,1.62,50.09,5.69,2.31,-6.0,-3.7037037037037033,middle lane,"1,582",G.MASTER
Vayne,50.15,-1.37,51.519999999999996,6.09,10.82,-17.0,12.40875912408759,top lane,"1,695",G.MASTER
Udyr,52.58,2.14,50.44,1.39,1.60,0.0,0.0,jungle lane,388,G.MASTER
Volibear,51.33,2.6,48.73,1.35,0.84,-2.0,-0.7692307692307692,top lane,376,G.MASTER
Nasus,52.94,6.56,46.379999999999995,1.83,2.42,1.0,0.1524390243902439,top lane,510,G.MASTER
Vex,52.81,-0.35,53.160000000000004,2.94,2.12,0.0,-0.0,middle lane,818,G.MASTER
Ryze,50.75,3.01,47.74,6.23,2.03,-12.0,-3.98671096345515,middle lane,"1,734",G.MASTER
Wukong,49.65,4.27,45.379999999999995,1.53,0.67,-5.0,-1.1709601873536302,jungle lane,427,G.MASTER
Mordekaiser,51.33,5.68,45.65,3.11,2.62,-4.0,-0.7042253521126761,top lane,865,G.MASTER
Fizz,50.84,1.89,48.95,2.35,1.92,-4.0,-2.1164021164021167,middle lane,653,G.MASTER
Renekton,50.89,4.33,46.56,5.88,5.53,-11.0,-2.540415704387991,top lane,"1,637",G.MASTER
Vi,50.68,2.31,48.37,3.43,0.95,-7.0,-3.0303030303030303,jungle lane,953,G.MASTER
Diana,50.16,1.48,48.68,3.40,3.13,-9.0,-6.081081081081082,middle lane,947,G.MASTER
Sejuani,48.13,6.62,41.510000000000005,0.77,0.09,-3.0,-0.45317220543806647,jungle lane,214,G.MASTER
Teemo,52.06,1.21,50.85,1.92,1.39,-1.0,-0.8264462809917356,top lane,534,G.MASTER
Yone,48.07,1.05,47.02,5.04,2.63,-24.0,-22.857142857142858,middle lane,"1,402",G.MASTER
Yorick,50.75,2.0,48.75,1.69,2.93,-3.0,-1.5,top lane,469,G.MASTER
Amumu,44.53,3.29,41.24,0.46,0.46,-4.0,-1.21580547112462,jungle lane,128,G.MASTER
Illaoi,51.63,4.99,46.64,0.88,1.13,-1.0,-0.2004008016032064,top lane,246,G.MASTER
Lux,49.01,1.1,47.91,1.99,1.69,-7.0,-6.363636363636363,middle lane,553,G.MASTER
Gwen,47.52,-0.67,48.190000000000005,2.39,3.95,-13.0,19.402985074626866,top lane,665,G.MASTER
Kled,50.14,0.87,49.27,1.30,0.66,-3.0,-3.4482758620689657,top lane,363,G.MASTER
Trundle,50.0,-9.29,59.29,0.46,0.16,-1.0,0.10764262648008613,top lane,128,G.MASTER
Azir,49.78,4.3,45.480000000000004,3.29,0.61,-10.0,-2.3255813953488373,middle lane,916,G.MASTER
Mel,45.87,2.32,43.55,3.27,30.43,-32.0,-13.793103448275863,middle lane,909,G.MASTER
Dr. Mundo,49.16,0.82,48.339999999999996,2.36,3.39,-9.0,-10.975609756097562,top lane,657,G.MASTER
Gnar,48.83,-0.11,48.94,5.22,2.19,-20.0,181.8181818181818,top lane,"1,452",G.MASTER
Riven,52.83,0.55,52.28,3.46,3.74,5.0,9.09090909090909,top lane,"8,844",MASTER
Ahri,52.61,1.52,51.089999999999996,11.51,4.94,16.0,10.526315789473685,middle lane,"29,413",MASTER
Jinx,53.45,2.02,51.43,12.90,3.08,29.0,14.356435643564357,bottom lane,"32,969",MASTER
Thresh,52.82,1.33,51.49,12.62,7.98,21.0,15.789473684210526,support lane,"32,265",MASTER
Rek'Sai,54.77,1.4,53.370000000000005,3.15,2.73,11.0,7.857142857142858,jungle lane,"8,050",MASTER
Twisted Fate,52.94,1.11,51.83,6.06,1.36,10.0,9.009009009009008,middle lane,"15,481",MASTER
Ashe,54.01,1.77,52.239999999999995,13.02,5.12,37.0,20.903954802259886,bottom lane,"33,270",MASTER
Janna,53.3,0.99,52.309999999999995,4.97,1.54,10.0,10.1010101010101,support lane,"12,707",MASTER
Hecarim,52.01,1.35,50.66,4.94,5.74,4.0,2.962962962962963,jungle lane,"12,625",MASTER
Shen,53.21,1.61,51.6,4.70,2.28,9.0,5.590062111801242,top lane,"12,008",MASTER
Graves,51.95,1.39,50.56,14.52,26.94,13.0,9.352517985611511,jungle lane,"37,118",MASTER
Nami,51.74,1.47,50.27,16.46,3.98,8.0,5.442176870748299,support lane,"42,078",MASTER
Akali,51.75,1.62,50.13,6.57,19.74,4.0,2.4691358024691357,middle lane,"16,783",MASTER
Lulu,51.34,1.5,49.84,11.22,10.37,1.0,0.6666666666666666,support lane,"28,670",MASTER
Kindred,53.18,1.59,51.589999999999996,2.94,3.40,6.0,3.773584905660377,jungle lane,"7,511",MASTER
Soraka,53.18,1.81,51.37,6.19,2.80,12.0,6.629834254143646,support lane,"15,830",MASTER
Katarina,53.36,1.66,51.7,6.29,12.41,15.0,9.036144578313253,middle lane,"16,088",MASTER
Bel'Veth,54.64,0.42,54.22,2.21,5.60,8.0,19.047619047619047,jungle lane,"5,642",MASTER
Master Yi,53.4,2.19,51.21,4.98,12.70,12.0,5.47945205479452,jungle lane,"12,727",MASTER
Swain,54.91,1.48,53.43,1.79,1.54,7.0,4.72972972972973,bottom lane,"4,569",MASTER
Qiyana,52.22,0.48,51.74,2.82,4.35,3.0,6.25,middle lane,"7,198",MASTER
Bard,52.09,0.71,51.38,9.36,6.29,8.0,11.267605633802818,support lane,"23,927",MASTER
Zilean,54.37,2.05,52.32,3.05,1.63,10.0,4.878048780487806,support lane,"7,804",MASTER
Talon,51.36,0.89,50.47,5.39,11.94,0.0,0.0,jungle lane,"13,775",MASTER
Draven,51.86,0.97,50.89,4.95,19.92,3.0,3.0927835051546393,bottom lane,"12,664",MASTER
Zoe,53.18,0.89,52.29,4.37,11.68,9.0,10.112359550561798,middle lane,"11,172",MASTER
Xerath,52.24,1.32,50.92,5.39,4.82,5.0,3.7878787878787876,middle lane,"13,780",MASTER
Rell,53.27,0.46,52.81,5.12,1.28,10.0,21.73913043478261,support lane,"13,077",MASTER
Sona,52.89,1.28,51.61,5.20,1.11,8.0,6.25,support lane,"13,304",MASTER
Caitlyn,51.03,1.54,49.49,12.52,20.54,-4.0,-2.5974025974025974,bottom lane,"31,997",MASTER
Lissandra,53.51,1.14,52.37,5.72,2.70,13.0,11.403508771929825,middle lane,"14,612",MASTER
Aatrox,51.11,1.36,49.75,6.90,8.91,-1.0,-0.7352941176470588,top lane,"17,628",MASTER
Ambessa,50.5,1.04,49.46,7.72,27.87,-9.0,-8.653846153846153,jungle lane,"19,728",MASTER
Nunu & Willump,53.29,0.76,52.53,2.34,0.79,5.0,6.578947368421052,jungle lane,"5,986",MASTER
Anivia,52.35,1.92,50.43,4.27,6.60,5.0,2.604166666666667,middle lane,"10,904",MASTER
Nautilus,50.78,0.62,50.160000000000004,10.79,13.90,-7.0,-11.290322580645162,support lane,"27,568",MASTER
Nilah,55.25,2.68,52.57,1.43,2.80,6.0,2.2388059701492535,bottom lane,"3,656",MASTER
Vladimir,52.28,2.11,50.17,3.27,5.34,3.0,1.4218009478672986,middle lane,"8,353",MASTER
Alistar,52.4,1.12,51.28,4.87,2.15,5.0,4.4642857142857135,support lane,"12,451",MASTER
Fiora,52.06,1.11,50.95,4.00,8.25,3.0,2.7027027027027026,top lane,"10,214",MASTER
Kayn,52.21,1.91,50.300000000000004,4.05,2.73,4.0,2.094240837696335,jungle lane,"10,343",MASTER
Samira,53.42,2.24,51.18,4.05,4.78,9.0,4.017857142857142,bottom lane,"10,355",MASTER
Kayle,52.99,0.84,52.15,2.57,3.50,5.0,5.9523809523809526,top lane,"6,575",MASTER
Aurelion Sol,53.42,2.2,51.22,2.85,1.04,6.0,2.727272727272727,middle lane,"7,288",MASTER
Naafiri,50.95,1.17,49.78,6.99,21.67,-3.0,-2.5641025641025643,jungle lane,"17,876",MASTER
Lee Sin,51.34,0.95,50.39,14.68,16.19,1.0,1.0526315789473684,jungle lane,"37,511",MASTER
Darius,51.56,1.96,49.6,5.91,12.03,2.0,1.0204081632653061,top lane,"15,100",MASTER
Seraphine,53.25,1.4,51.85,6.65,1.44,13.0,9.285714285714286,support lane,"16,989",MASTER
Zed,51.46,1.83,49.63,6.76,21.66,1.0,0.5464480874316939,middle lane,"17,274",MASTER
Evelynn,53.39,1.64,51.75,2.14,2.62,5.0,3.048780487804878,jungle lane,"5,471",MASTER
Twitch,52.06,1.99,50.07,4.23,5.42,3.0,1.5075376884422111,bottom lane,"10,820",MASTER
Singed,53.18,1.15,52.03,2.59,1.07,5.0,4.347826086956522,top lane,"6,615",MASTER
Yasuo,50.73,1.27,49.459999999999994,7.19,19.20,-5.0,-3.937007874015748,middle lane,"18,382",MASTER
Ekko,51.39,1.83,49.56,3.97,2.54,0.0,0.0,jungle lane,"10,156",MASTER
Kassadin,51.67,0.4,51.27,3.32,5.19,1.0,2.5,middle lane,"8,479",MASTER
Taric,54.19,0.56,53.629999999999995,1.29,0.21,4.0,7.142857142857142,support lane,"3,309",MASTER
Nidalee,52.03,0.81,51.22,3.80,2.93,3.0,3.7037037037037033,jungle lane,"9,717",MASTER
Kog'Maw,54.22,0.72,53.5,1.76,0.40,5.0,6.944444444444445,bottom lane,"4,502",MASTER
Xin Zhao,51.73,1.21,50.519999999999996,5.74,1.73,3.0,2.479338842975207,jungle lane,"14,663",MASTER
Milio,52.36,2.4,49.96,6.70,4.50,7.0,2.916666666666667,support lane,"17,132",MASTER
Jarvan IV,50.93,1.24,49.69,7.99,2.17,-3.0,-2.4193548387096775,jungle lane,"20,417",MASTER
Pantheon,51.31,1.75,49.56,2.70,1.44,0.0,0.0,support lane,"6,897",MASTER
Quinn,54.89,1.74,53.15,1.00,0.59,4.0,2.2988505747126435,top lane,"2,565",MASTER
Irelia,51.11,1.24,49.87,4.55,14.34,-1.0,-0.8064516129032259,top lane,"11,623",MASTER
Lucian,51.09,0.89,50.2,11.42,3.78,-2.0,-2.247191011235955,bottom lane,"29,190",MASTER
Rakan,51.0,0.52,50.48,4.44,0.44,-1.0,-1.923076923076923,support lane,"11,348",MASTER
Sylas,50.66,1.38,49.279999999999994,7.15,12.52,-5.0,-3.6231884057971016,middle lane,"18,278",MASTER
Karma,50.58,1.01,49.57,14.08,14.33,-12.0,-11.881188118811881,support lane,"35,985",MASTER
Nocturne,52.23,2.0,50.23,6.17,8.02,6.0,3.0,jungle lane,"15,768",MASTER
Annie,53.86,1.02,52.839999999999996,2.89,0.71,7.0,6.862745098039215,middle lane,"7,391",MASTER
Elise,52.33,0.93,51.4,2.87,3.63,3.0,3.225806451612903,jungle lane,"7,348",MASTER
Shaco,52.23,1.61,50.62,3.37,10.66,4.0,2.484472049689441,jungle lane,"8,602",MASTER
Akshan,52.28,1.25,51.03,3.12,4.34,3.0,2.4,middle lane,"7,969",MASTER
Ornn,52.32,1.35,50.97,5.59,0.68,6.0,4.444444444444444,top lane,"14,286",MASTER
Pyke,50.48,1.16,49.32,6.18,35.13,-8.0,-6.8965517241379315,support lane,"15,799",MASTER
Miss Fortune,51.52,1.64,49.88,4.50,0.53,1.0,0.6097560975609756,bottom lane,"11,496",MASTER
Garen,51.9,1.84,50.059999999999995,5.94,4.79,4.0,2.1739130434782608,top lane,"15,181",MASTER
Leona,51.96,1.44,50.52,5.67,4.15,4.0,2.7777777777777777,support lane,"14,495",MASTER
Rengar,51.23,1.41,49.82,4.20,15.10,0.0,0.0,jungle lane,"10,735",MASTER
Blitzcrank,51.65,1.2,50.449999999999996,4.97,9.86,2.0,1.6666666666666667,support lane,"12,712",MASTER
Aphelios,50.48,1.7,48.779999999999994,5.46,2.57,-5.0,-2.9411764705882355,bottom lane,"13,951",MASTER
Brand,51.62,2.65,48.97,1.36,1.03,0.0,0.0,support lane,"3,466",MASTER
Malphite,52.63,1.71,50.92,6.14,17.36,10.0,5.847953216374269,top lane,"15,699",MASTER
Viktor,51.18,1.66,49.52,7.47,4.31,-1.0,-0.6024096385542169,middle lane,"19,093",MASTER
Senna,51.56,0.7,50.86,4.71,1.37,1.0,1.4285714285714286,bottom lane,"12,030",MASTER
Gangplank,52.15,0.97,51.18,3.99,4.05,4.0,4.123711340206186,top lane,"10,191",MASTER
Kha'Zix,50.97,1.12,49.85,5.62,5.78,-2.0,-1.7857142857142856,jungle lane,"14,354",MASTER
Poppy,50.99,1.0,49.99,1.52,4.21,0.0,0.0,support lane,"3,891",MASTER
Diana,51.6,2.24,49.36,3.10,3.64,1.0,0.4464285714285714,jungle lane,"7,919",MASTER
Jhin,50.08,1.34,48.739999999999995,16.04,1.21,-20.0,-14.925373134328357,bottom lane,"40,995",MASTER
Braum,51.81,0.91,50.900000000000006,5.91,10.92,3.0,3.2967032967032965,support lane,"15,112",MASTER
Xayah,53.02,1.22,51.800000000000004,3.78,0.75,7.0,5.737704918032787,bottom lane,"9,650",MASTER
Veigar,52.1,1.54,50.56,2.85,0.73,2.0,1.2987012987012987,middle lane,"7,276",MASTER
Vel'Koz,51.81,2.27,49.54,2.16,0.97,1.0,0.44052863436123346,support lane,"5,520",MASTER
Olaf,53.72,1.39,52.33,2.45,2.45,6.0,4.316546762589929,top lane,"6,270",MASTER
Tahm Kench,51.59,2.02,49.57,1.41,0.68,0.0,0.0,support lane,"3,607",MASTER
Yunara,49.8,0.65,49.15,10.90,3.45,-17.0,-26.153846153846153,bottom lane,"27,853",MASTER
Ziggs,52.55,0.27,52.279999999999994,2.02,0.35,3.0,11.11111111111111,bottom lane,"5,174",MASTER
Sion,51.32,0.86,50.46,5.75,1.12,0.0,0.0,top lane,"14,705",MASTER
Shyvana,51.76,2.96,48.8,2.59,4.86,1.0,0.33783783783783783,jungle lane,"6,631",MASTER
Smolder,51.24,1.79,49.45,7.56,4.18,0.0,0.0,bottom lane,"19,311",MASTER
Hwei,51.65,1.35,50.3,4.98,2.07,2.0,1.4814814814814814,middle lane,"12,723",MASTER
Maokai,51.61,0.66,50.95,1.78,0.19,1.0,1.5151515151515151,support lane,"4,557",MASTER
Sivir,51.53,1.51,50.02,5.10,3.92,1.0,0.6622516556291391,bottom lane,"13,036",MASTER
Vayne,50.99,0.8,50.190000000000005,4.69,11.01,-2.0,-2.5,top lane,"11,983",MASTER
Zac,51.76,0.9,50.86,2.13,1.59,1.0,1.1111111111111112,jungle lane,"5,450",MASTER
Vex,54.87,1.39,53.48,2.46,2.75,9.0,6.474820143884893,middle lane,"6,280",MASTER
Udyr,53.05,1.44,51.61,1.52,1.11,3.0,2.0833333333333335,jungle lane,"3,883",MASTER
LeBlanc,50.65,1.02,49.629999999999995,4.72,18.04,-4.0,-3.9215686274509802,middle lane,"12,057",MASTER
Ezreal,49.03,0.96,48.07,21.46,13.87,-57.0,-59.375,bottom lane,"54,852",MASTER
Zyra,50.43,2.02,48.41,1.63,2.52,-1.0,-0.49504950495049505,support lane,"4,168",MASTER
Morgana,51.17,2.64,48.53,2.46,8.85,0.0,0.0,support lane,"6,297",MASTER
Ivern,52.21,1.07,51.14,1.28,0.63,1.0,0.9345794392523364,jungle lane,"3,264",MASTER
Cho'Gath,52.24,0.65,51.59,2.07,0.41,2.0,3.0769230769230766,top lane,"5,302",MASTER
Corki,49.96,0.74,49.22,4.76,0.95,-6.0,-8.108108108108109,bottom lane,"12,178",MASTER
Warwick,52.18,2.72,49.46,1.15,0.45,1.0,0.3676470588235294,jungle lane,"2,934",MASTER
Fizz,52.18,1.84,50.339999999999996,3.38,2.93,3.0,1.6304347826086956,middle lane,"8,638",MASTER
Gwen,51.56,1.81,49.75,2.49,4.13,1.0,0.5524861878453039,top lane,"6,363",MASTER
Tristana,50.87,0.36,50.51,3.90,1.20,-2.0,-5.555555555555555,bottom lane,"9,971",MASTER
Lillia,51.52,1.88,49.64,3.39,1.84,1.0,0.5319148936170213,jungle lane,"8,655",MASTER
Fiddlesticks,51.89,1.33,50.56,2.08,1.93,1.0,0.7518796992481203,jungle lane,"5,305",MASTER
Tryndamere,53.19,2.01,51.18,2.42,1.58,5.0,2.4875621890547266,top lane,"6,174",MASTER
Kai'Sa,49.83,1.2,48.629999999999995,15.51,2.31,-23.0,-19.166666666666668,bottom lane,"39,633",MASTER
Jax,50.9,0.8,50.1,5.73,14.48,-3.0,-3.75,top lane,"14,636",MASTER
Syndra,50.63,0.99,49.64,4.82,2.86,-3.0,-3.0303030303030303,middle lane,"12,315",MASTER
Neeko,48.65,0.94,47.71,2.61,1.94,-7.0,-7.446808510638299,support lane,"6,676",MASTER
Kennen,51.95,0.79,51.160000000000004,2.39,2.43,2.0,2.531645569620253,top lane,"6,115",MASTER
Malzahar,51.56,2.01,49.550000000000004,4.49,4.89,1.0,0.49751243781094534,middle lane,"11,475",MASTER
Viego,49.8,1.78,48.019999999999996,9.86,8.17,-16.0,-8.98876404494382,jungle lane,"25,203",MASTER
Briar,51.49,1.92,49.57,2.99,5.05,1.0,0.5208333333333334,jungle lane,"7,638",MASTER
Kalista,49.84,-0.13,49.970000000000006,1.71,0.32,-3.0,23.076923076923077,bottom lane,"4,374",MASTER
Karthus,50.53,0.63,49.9,2.00,3.24,-2.0,-3.1746031746031744,jungle lane,"5,122",MASTER
Zeri,50.01,0.54,49.47,2.00,0.16,-3.0,-5.555555555555555,bottom lane,"5,119",MASTER
Aurora,50.27,0.75,49.52,5.23,3.15,-6.0,-8.0,middle lane,"13,371",MASTER
Rammus,52.85,2.82,50.03,1.19,1.95,2.0,0.7092198581560284,jungle lane,"3,033",MASTER
Lux,51.21,2.18,49.03,3.35,1.59,0.0,0.0,middle lane,"8,560",MASTER
Varus,48.78,0.73,48.050000000000004,4.38,3.73,-11.0,-15.068493150684931,bottom lane,"11,186",MASTER
Cassiopeia,51.51,0.71,50.8,1.23,1.48,0.0,0.0,middle lane,"3,145",MASTER
Camille,51.95,1.48,50.470000000000006,3.50,1.05,2.0,1.3513513513513513,top lane,"8,939",MASTER
Dr. Mundo,52.05,2.54,49.51,3.10,3.96,2.0,0.7874015748031495,top lane,"7,932",MASTER
Orianna,50.14,1.14,49.0,5.91,2.10,-7.0,-6.140350877192983,middle lane,"15,102",MASTER
Kled,52.16,1.34,50.81999999999999,1.69,0.66,1.0,0.7462686567164178,top lane,"4,308",MASTER
Yuumi,47.6,1.04,46.56,4.97,9.86,-20.0,-19.23076923076923,support lane,"12,713",MASTER
Renata Glasc,49.72,2.21,47.51,0.99,0.14,-2.0,-0.9049773755656109,support lane,"2,532",MASTER
Zaahen,50.59,1.68,48.910000000000004,3.13,4.56,-2.0,-1.1904761904761905,top lane,"8,001",MASTER
Urgot,52.39,0.94,51.45,2.56,0.74,3.0,3.191489361702128,top lane,"6,549",MASTER
Skarner,50.93,0.72,50.21,1.20,0.25,0.0,0.0,jungle lane,"3,073",MASTER
Galio,50.52,0.89,49.63,4.26,1.92,-3.0,-3.3707865168539324,middle lane,"10,892",MASTER
Gragas,51.67,1.13,50.54,2.54,0.72,1.0,0.8849557522123894,top lane,"6,486",MASTER
Sejuani,50.72,1.23,49.49,1.28,0.11,-1.0,-0.8130081300813008,jungle lane,"3,281",MASTER
Wukong,49.21,1.34,47.87,1.87,0.54,-4.0,-2.9850746268656714,jungle lane,"4,775",MASTER
Volibear,50.87,2.94,47.93,2.33,1.38,-1.0,-0.3401360544217687,top lane,"5,954",MASTER
Sett,51.89,1.96,49.93,3.60,1.45,2.0,1.0204081632653061,top lane,"9,196",MASTER
Jayce,49.54,0.66,48.88,7.16,9.29,-14.0,-21.21212121212121,top lane,"18,294",MASTER
Nasus,51.8,1.9,49.9,2.67,3.08,1.0,0.5263157894736842,top lane,"6,820",MASTER
Vi,49.76,1.24,48.519999999999996,4.34,1.33,-7.0,-5.645161290322581,jungle lane,"11,092",MASTER
Amumu,49.85,2.65,47.2,1.06,0.52,-2.0,-0.7547169811320755,jungle lane,"2,710",MASTER
K'Sante,48.58,0.99,47.589999999999996,5.15,2.83,-14.0,-14.141414141414142,top lane,"13,153",MASTER
Teemo,51.85,1.04,50.81,1.90,1.76,1.0,0.9615384615384615,top lane,"4,868",MASTER
Taliyah,48.37,0.6,47.769999999999996,1.93,0.70,-6.0,-10.0,middle lane,"4,943",MASTER
Yone,48.57,1.45,47.12,4.86,3.23,-14.0,-9.655172413793103,middle lane,"12,427",MASTER
Ryze,47.81,0.27,47.54,4.56,1.31,-16.0,-59.25925925925925,middle lane,"11,662",MASTER
Trundle,51.07,2.4,48.67,0.70,0.20,0.0,0.0,top lane,"1,784",MASTER
Yorick,50.41,1.67,48.739999999999995,2.40,4.09,-2.0,-1.1976047904191618,top lane,"6,140",MASTER
Illaoi,51.11,2.45,48.66,1.83,2.04,0.0,0.0,top lane,"4,678",MASTER
Mordekaiser,50.48,1.8,48.68,3.80,4.11,-3.0,-1.6666666666666665,top lane,"9,711",MASTER
Rumble,49.3,0.07,49.23,3.45,3.23,-7.0,-99.99999999999999,top lane,"8,817",MASTER
Heimerdinger,50.61,-0.02,50.63,0.96,1.04,-1.0,50.0,top lane,"2,442",MASTER
Azir,46.83,1.01,45.82,2.82,0.43,-13.0,-12.871287128712872,middle lane,"7,216",MASTER
Mel,45.35,0.89,44.46,3.63,31.51,-32.0,-35.95505617977528,middle lane,"9,278",MASTER
Gnar,49.42,1.31,48.11,5.27,2.01,-10.0,-7.633587786259541,top lane,"13,478",MASTER
Renekton,49.6,1.22,48.38,6.34,5.31,-11.0,-9.01639344262295,top lane,"16,199",MASTER
Riven,53.82,2.69,51.13,3.29,2.45,4.0,1.4869888475836432,top lane,"22,041",DIAMOND
Ahri,53.2,2.55,50.650000000000006,12.05,5.73,7.0,2.7450980392156863,middle lane,"80,704",DIAMOND
Jinx,54.76,2.74,52.019999999999996,13.92,4.48,31.0,11.313868613138686,bottom lane,"93,225",DIAMOND
Thresh,53.76,2.54,51.22,13.77,8.61,17.0,6.692913385826771,support lane,"92,266",DIAMOND
Rek'Sai,54.97,2.01,52.96,2.72,1.93,7.0,3.4825870646766175,jungle lane,"18,212",DIAMOND
Twisted Fate,54.33,2.45,51.879999999999995,5.22,1.27,9.0,3.6734693877551017,middle lane,"34,959",DIAMOND
Shen,54.01,2.52,51.489999999999995,4.68,2.75,7.0,2.7777777777777777,top lane,"31,370",DIAMOND
Nami,53.47,2.31,51.16,16.22,4.46,14.0,6.0606060606060606,support lane,"108,664",DIAMOND
Naafiri,53.46,3.18,50.28,7.35,24.39,8.0,2.5157232704402515,jungle lane,"49,221",DIAMOND
Kayle,55.91,3.37,52.54,3.23,4.42,11.0,3.264094955489614,top lane,"21,639",DIAMOND
Ashe,54.93,2.75,52.18,13.68,6.62,34.0,12.363636363636363,bottom lane,"91,644",DIAMOND
Janna,54.43,1.98,52.45,4.50,1.04,8.0,4.040404040404041,support lane,"30,117",DIAMOND
Xerath,53.84,2.87,50.970000000000006,6.00,7.36,8.0,2.787456445993031,middle lane,"40,189",DIAMOND
Graves,52.72,2.68,50.04,13.95,23.13,2.0,0.7462686567164178,jungle lane,"93,460",DIAMOND
Akali,52.3,2.57,49.73,6.63,19.99,-3.0,-1.1673151750972763,middle lane,"44,447",DIAMOND
Nautilus,52.56,2.81,49.75,9.88,14.74,-1.0,-0.35587188612099646,support lane,"66,188",DIAMOND
Ambessa,51.6,2.23,49.370000000000005,6.04,18.03,-8.0,-3.587443946188341,jungle lane,"40,464",DIAMOND
Caitlyn,52.47,3.09,49.379999999999995,14.87,25.47,-3.0,-0.970873786407767,bottom lane,"99,594",DIAMOND
Katarina,53.82,2.55,51.27,6.59,11.30,9.0,3.5294117647058827,middle lane,"44,177",DIAMOND
Lulu,52.35,2.24,50.11,11.45,11.27,-3.0,-1.3392857142857142,support lane,"76,702",DIAMOND
Bel'Veth,54.84,2.59,52.25,1.95,3.49,4.0,1.5444015444015444,jungle lane,"13,051",DIAMOND
Aatrox,52.08,2.71,49.37,6.92,9.45,-4.0,-1.4760147601476015,top lane,"46,341",DIAMOND
Twitch,53.79,3.2,50.589999999999996,4.76,6.82,6.0,1.875,bottom lane,"31,876",DIAMOND
Sona,53.9,2.21,51.69,4.38,0.54,6.0,2.7149321266968327,support lane,"29,360",DIAMOND
Lee Sin,52.88,2.34,50.540000000000006,14.03,15.18,4.0,1.7094017094017095,jungle lane,"93,995",DIAMOND
Talon,52.38,1.55,50.830000000000005,4.52,7.31,-1.0,-0.6451612903225806,jungle lane,"30,267",DIAMOND
Darius,52.58,2.83,49.75,6.56,13.97,0.0,0.0,top lane,"43,959",DIAMOND
Bard,53.03,2.08,50.95,7.49,3.68,3.0,1.4423076923076923,support lane,"50,193",DIAMOND
Nunu & Willump,54.63,2.95,51.68,2.41,0.64,5.0,1.694915254237288,jungle lane,"16,151",DIAMOND
Zilean,53.88,1.97,51.910000000000004,3.16,1.59,4.0,2.030456852791878,support lane,"21,169",DIAMOND
Lissandra,54.31,2.63,51.68,5.97,3.08,10.0,3.802281368821293,middle lane,"39,999",DIAMOND
Nocturne,54.37,3.1,51.269999999999996,7.96,13.44,16.0,5.161290322580645,jungle lane,"53,339",DIAMOND
Vayne,53.82,3.39,50.43,6.25,12.23,9.0,2.654867256637168,bottom lane,"41,858",DIAMOND
Qiyana,53.24,2.35,50.89,2.33,2.19,1.0,0.425531914893617,middle lane,"15,583",DIAMOND
Draven,52.53,2.2,50.33,4.89,16.13,-1.0,-0.45454545454545453,bottom lane,"32,727",DIAMOND
Kindred,53.31,2.12,51.190000000000005,2.49,1.97,2.0,0.9433962264150942,jungle lane,"16,675",DIAMOND
Zed,52.58,2.73,49.85,6.90,23.26,0.0,0.0,middle lane,"46,255",DIAMOND
Rell,54.05,2.36,51.69,3.53,1.05,5.0,2.1186440677966103,support lane,"23,675",DIAMOND
Soraka,53.13,2.18,50.95,5.88,2.89,3.0,1.3761467889908257,support lane,"39,418",DIAMOND
Irelia,52.49,2.5,49.99,4.73,14.91,-1.0,-0.4,top lane,"31,655",DIAMOND
Yasuo,51.75,2.81,48.94,7.19,18.75,-8.0,-2.8469750889679717,middle lane,"48,180",DIAMOND
Karma,52.09,2.19,49.900000000000006,11.82,11.85,-7.0,-3.1963470319634704,support lane,"79,218",DIAMOND
Jarvan IV,52.31,2.43,49.88,7.91,1.94,-3.0,-1.2345679012345678,jungle lane,"53,009",DIAMOND
Jhin,51.84,2.86,48.980000000000004,16.32,1.66,-13.0,-4.545454545454546,bottom lane,"109,337",DIAMOND
Ornn,54.02,2.41,51.61,5.54,0.85,8.0,3.3195020746887964,top lane,"37,131",DIAMOND
Sylas,51.88,2.29,49.59,6.86,12.76,-6.0,-2.6200873362445414,middle lane,"45,953",DIAMOND
Singed,54.58,2.6,51.98,2.44,0.81,5.0,1.923076923076923,top lane,"16,377",DIAMOND
Hecarim,52.13,1.47,50.660000000000004,4.30,3.70,-2.0,-1.3605442176870748,jungle lane,"28,839",DIAMOND
Zoe,53.69,2.23,51.46,4.13,7.36,5.0,2.242152466367713,middle lane,"27,653",DIAMOND
Lucian,53.1,2.53,50.57,10.54,3.71,5.0,1.9762845849802373,bottom lane,"70,631",DIAMOND
Milio,53.37,2.43,50.94,7.68,5.81,6.0,2.4691358024691357,support lane,"51,446",DIAMOND
Master Yi,53.11,3.21,49.9,6.29,14.43,4.0,1.2461059190031152,jungle lane,"42,172",DIAMOND
Anivia,53.61,2.34,51.269999999999996,4.02,5.21,4.0,1.7094017094017095,middle lane,"26,918",DIAMOND
Taric,55.49,2.48,53.010000000000005,1.32,0.26,4.0,1.6129032258064517,support lane,"8,857",DIAMOND
Garen,53.38,2.93,50.45,8.33,8.45,7.0,2.3890784982935154,top lane,"55,788",DIAMOND
Samira,53.87,3.08,50.79,5.09,6.55,7.0,2.2727272727272725,bottom lane,"34,125",DIAMOND
Aurelion Sol,54.54,2.72,51.82,2.90,1.15,6.0,2.205882352941176,middle lane,"19,425",DIAMOND
Seraphine,53.66,2.56,51.099999999999994,6.74,1.61,7.0,2.734375,support lane,"45,143",DIAMOND
Ekko,52.64,2.52,50.12,4.27,2.34,0.0,0.0,jungle lane,"28,575",DIAMOND
Brand,53.79,3.59,50.2,2.09,1.90,2.0,0.5571030640668524,support lane,"14,035",DIAMOND
Kog'Maw,55.11,3.29,51.82,1.71,0.47,4.0,1.21580547112462,bottom lane,"11,441",DIAMOND
Fiora,52.62,2.05,50.57,4.08,6.19,0.0,0.0,top lane,"27,358",DIAMOND
Viktor,52.68,2.58,50.1,7.54,4.51,0.0,0.0,middle lane,"50,529",DIAMOND
Veigar,54.2,3.3,50.900000000000006,3.59,1.17,6.0,1.8181818181818183,middle lane,"24,056",DIAMOND
Viego,51.4,2.69,48.71,10.13,9.97,-14.0,-5.204460966542751,jungle lane,"67,855",DIAMOND
LeBlanc,52.9,2.7,50.199999999999996,4.41,16.37,1.0,0.37037037037037035,middle lane,"29,516",DIAMOND
Leona,53.63,2.82,50.81,6.33,5.93,7.0,2.4822695035460995,support lane,"42,436",DIAMOND
Kayn,52.76,3.11,49.65,5.31,3.29,1.0,0.3215434083601286,jungle lane,"35,584",DIAMOND
Nilah,54.36,2.68,51.68,1.49,2.86,3.0,1.1194029850746268,bottom lane,"9,987",DIAMOND
Xin Zhao,52.65,2.51,50.14,5.81,2.19,0.0,0.0,jungle lane,"38,912",DIAMOND
Alistar,52.42,2.4,50.02,4.04,1.74,-1.0,-0.4166666666666667,support lane,"27,057",DIAMOND
Miss Fortune,53.7,3.41,50.290000000000006,6.03,1.05,7.0,2.0527859237536656,bottom lane,"40,408",DIAMOND
Akshan,53.56,2.24,51.32,2.96,3.31,3.0,1.3392857142857142,middle lane,"19,817",DIAMOND
Gangplank,53.38,2.65,50.730000000000004,4.03,4.07,3.0,1.1320754716981132,top lane,"26,988",DIAMOND
Rakan,51.69,2.26,49.43,3.54,0.31,-3.0,-1.3274336283185841,support lane,"23,710",DIAMOND
Annie,54.3,2.5,51.8,2.90,0.75,5.0,2.0,middle lane,"19,409",DIAMOND
Ezreal,50.5,2.56,47.94,19.42,10.42,-46.0,-17.96875,bottom lane,"130,092",DIAMOND
Shyvana,53.17,3.64,49.53,4.25,7.28,3.0,0.8241758241758241,jungle lane,"28,488",DIAMOND
Pyke,51.36,2.28,49.08,6.05,26.88,-10.0,-4.385964912280702,support lane,"40,500",DIAMOND
Evelynn,53.56,2.5,51.06,2.40,2.76,2.0,0.8,jungle lane,"16,082",DIAMOND
Pantheon,51.23,3.36,47.87,2.70,1.62,-4.0,-1.1904761904761905,support lane,"18,090",DIAMOND
Yunara,50.64,2.33,48.31,8.04,2.95,-16.0,-6.866952789699571,bottom lane,"53,840",DIAMOND
Malphite,53.38,2.87,50.510000000000005,6.54,19.88,6.0,2.0905923344947737,top lane,"43,794",DIAMOND
Elise,53.18,2.25,50.93,2.84,2.27,2.0,0.8888888888888888,jungle lane,"19,038",DIAMOND
Kai'Sa,51.23,2.84,48.39,14.75,2.25,-21.0,-7.394366197183099,bottom lane,"98,811",DIAMOND
Blitzcrank,53.03,2.39,50.64,5.13,11.72,2.0,0.8368200836820083,support lane,"34,338",DIAMOND
Diana,52.94,2.52,50.419999999999995,3.62,4.79,1.0,0.3968253968253968,jungle lane,"24,247",DIAMOND
Sion,52.62,2.45,50.169999999999995,5.15,1.23,0.0,0.0,top lane,"34,471",DIAMOND
Kassadin,52.31,2.06,50.25,3.18,4.04,-1.0,-0.4854368932038835,middle lane,"21,300",DIAMOND
Poppy,52.74,2.57,50.17,1.47,3.23,0.0,0.0,support lane,"9,830",DIAMOND
Briar,54.11,3.76,50.35,4.83,9.46,8.0,2.127659574468085,jungle lane,"32,343",DIAMOND
Aphelios,51.57,2.36,49.21,5.20,2.71,-6.0,-2.5423728813559325,bottom lane,"34,820",DIAMOND
Jax,52.19,2.58,49.61,5.69,13.40,-3.0,-1.1627906976744187,top lane,"38,110",DIAMOND
Maokai,53.87,2.37,51.5,2.16,0.21,3.0,1.2658227848101264,support lane,"14,486",DIAMOND
Fizz,53.91,3.23,50.68,4.07,4.96,6.0,1.8575851393188854,middle lane,"27,292",DIAMOND
Zac,53.12,2.95,50.169999999999995,2.68,1.32,1.0,0.3389830508474576,jungle lane,"17,955",DIAMOND
Kha'Zix,51.69,2.52,49.169999999999995,5.55,4.96,-5.0,-1.9841269841269842,jungle lane,"37,202",DIAMOND
Jayce,51.12,2.44,48.68,5.20,6.00,-8.0,-3.278688524590164,top lane,"34,857",DIAMOND
Braum,53.44,2.32,51.12,5.98,10.58,5.0,2.1551724137931036,support lane,"40,066",DIAMOND
Olaf,54.15,2.04,52.11,2.50,2.43,4.0,1.9607843137254901,top lane,"16,740",DIAMOND
Nidalee,52.4,2.27,50.129999999999995,2.53,1.33,-1.0,-0.44052863436123346,jungle lane,"16,953",DIAMOND
Senna,51.93,3.03,48.9,4.38,1.41,-3.0,-0.9900990099009902,support lane,"29,331",DIAMOND
Hwei,53.03,2.51,50.52,5.07,2.30,2.0,0.7968127490039841,middle lane,"33,954",DIAMOND
Vladimir,52.37,2.67,49.699999999999996,3.52,4.85,-1.0,-0.37453183520599254,middle lane,"23,565",DIAMOND
Zyra,53.0,2.88,50.12,2.30,2.49,1.0,0.3472222222222222,support lane,"15,416",DIAMOND
Fiddlesticks,54.2,2.68,51.52,2.55,1.92,4.0,1.4925373134328357,jungle lane,"17,105",DIAMOND
Swain,50.74,3.19,47.550000000000004,2.02,2.32,-4.0,-1.2539184952978057,support lane,"13,519",DIAMOND
Tristana,54.15,2.61,51.54,4.03,1.17,6.0,2.298850574712644,bottom lane,"26,981",DIAMOND
Shaco,52.66,2.96,49.699999999999996,3.52,15.27,0.0,0.0,jungle lane,"23,586",DIAMOND
Kled,54.46,2.41,52.05,1.85,0.78,3.0,1.2448132780082988,top lane,"12,389",DIAMOND
Rengar,51.45,2.84,48.61,3.91,9.79,-5.0,-1.7605633802816902,jungle lane,"26,167",DIAMOND
Syndra,52.49,2.38,50.11,4.92,2.86,-1.0,-0.42016806722689076,middle lane,"32,952",DIAMOND
Tahm Kench,52.97,3.54,49.43,1.90,1.40,1.0,0.2824858757062147,support lane,"12,710",DIAMOND
Smolder,53.17,3.1,50.07,10.02,5.95,6.0,1.9354838709677418,bottom lane,"67,129",DIAMOND
Vel'Koz,52.97,2.91,50.06,2.59,1.13,1.0,0.3436426116838488,support lane,"17,370",DIAMOND
Xayah,53.85,2.74,51.11,3.99,0.75,5.0,1.824817518248175,bottom lane,"26,752",DIAMOND
Lux,51.58,3.74,47.839999999999996,4.23,2.44,-5.0,-1.3368983957219251,support lane,"28,316",DIAMOND
Corki,50.87,1.92,48.949999999999996,3.66,0.70,-6.0,-3.125,bottom lane,"24,517",DIAMOND
Quinn,53.76,3.13,50.629999999999995,0.98,0.73,1.0,0.3194888178913738,top lane,"6,596",DIAMOND
Ivern,54.29,2.99,51.3,1.24,0.47,2.0,0.6688963210702341,jungle lane,"8,281",DIAMOND
Sivir,52.63,2.33,50.300000000000004,4.99,3.67,0.0,0.0,bottom lane,"33,447",DIAMOND
Wukong,53.19,2.86,50.33,2.39,0.54,1.0,0.3496503496503497,jungle lane,"15,991",DIAMOND
Cho'Gath,53.21,3.14,50.07,2.30,0.55,1.0,0.3184713375796178,top lane,"15,441",DIAMOND
Ziggs,53.4,2.56,50.839999999999996,1.60,0.43,1.0,0.390625,bottom lane,"10,747",DIAMOND
Neeko,50.62,2.77,47.849999999999994,2.02,1.36,-4.0,-1.444043321299639,support lane,"13,542",DIAMOND
Lillia,53.07,2.8,50.27,3.62,2.17,2.0,0.7142857142857143,jungle lane,"24,280",DIAMOND
Morgana,52.69,3.05,49.64,3.38,14.23,0.0,0.0,support lane,"22,646",DIAMOND
Udyr,53.57,2.54,51.03,1.70,0.89,2.0,0.7874015748031495,jungle lane,"11,420",DIAMOND
Malzahar,52.89,2.97,49.92,6.00,8.21,2.0,0.6734006734006733,middle lane,"40,184",DIAMOND
Zaahen,52.38,2.18,50.2,3.19,5.24,-1.0,-0.4587155963302752,top lane,"21,339",DIAMOND
Warwick,53.36,3.65,49.71,1.71,0.81,1.0,0.273972602739726,jungle lane,"11,464",DIAMOND
Kennen,53.08,1.91,51.17,2.11,1.96,1.0,0.5235602094240838,top lane,"14,136",DIAMOND
Aurora,52.05,2.27,49.779999999999994,4.36,2.79,-3.0,-1.3215859030837005,middle lane,"29,198",DIAMOND
Zeri,52.88,2.66,50.22,2.11,0.17,1.0,0.37593984962406013,bottom lane,"14,132",DIAMOND
Vex,55.05,3.28,51.769999999999996,2.85,3.47,7.0,2.1341463414634148,middle lane,"19,093",DIAMOND
Yuumi,50.97,2.26,48.71,6.18,8.75,-11.0,-4.867256637168142,support lane,"41,424",DIAMOND
Rammus,54.81,3.08,51.730000000000004,1.52,3.06,3.0,0.974025974025974,jungle lane,"10,171",DIAMOND
Camille,53.17,1.97,51.2,3.66,1.09,2.0,1.015228426395939,top lane,"24,536",DIAMOND
Kalista,50.82,2.79,48.03,1.40,0.24,-3.0,-1.075268817204301,bottom lane,"9,379",DIAMOND
Varus,50.63,2.72,47.910000000000004,3.53,3.44,-7.0,-2.5735294117647056,bottom lane,"23,650",DIAMOND
Karthus,51.36,2.68,48.68,1.51,1.50,-2.0,-0.7462686567164178,jungle lane,"10,096",DIAMOND
Urgot,53.43,2.83,50.6,2.57,0.74,2.0,0.7067137809187279,top lane,"17,195",DIAMOND
Cassiopeia,52.42,2.5,49.92,1.24,1.17,0.0,0.0,middle lane,"8,327",DIAMOND
Renata Glasc,52.72,2.19,50.53,1.04,0.14,0.0,0.0,support lane,"6,980",DIAMOND
Gwen,51.72,2.66,49.06,2.42,4.06,-2.0,-0.7518796992481203,top lane,"16,207",DIAMOND
Teemo,53.92,3.45,50.47,2.32,3.19,3.0,0.8695652173913043,top lane,"15,511",DIAMOND
Orianna,50.42,2.35,48.07,5.08,1.21,-11.0,-4.680851063829787,middle lane,"34,001",DIAMOND
Tryndamere,53.19,2.8,50.39,2.51,1.66,1.0,0.35714285714285715,top lane,"16,826",DIAMOND
Skarner,52.92,2.91,50.010000000000005,0.94,0.20,0.0,0.0,jungle lane,"6,293",DIAMOND
Mordekaiser,52.49,3.05,49.440000000000005,5.07,6.78,-1.0,-0.3278688524590164,top lane,"33,961",DIAMOND
Sejuani,52.9,3.86,49.04,1.81,0.17,1.0,0.2590673575129534,jungle lane,"12,116",DIAMOND
Galio,51.55,2.32,49.23,3.53,1.56,-4.0,-1.7241379310344829,middle lane,"23,651",DIAMOND
Vi,51.81,2.7,49.11,5.07,1.65,-4.0,-1.4814814814814814,jungle lane,"33,940",DIAMOND
Taliyah,51.04,2.53,48.51,1.55,0.39,-2.0,-0.790513833992095,middle lane,"10,395",DIAMOND
Dr. Mundo,52.46,2.29,50.17,3.38,5.49,-1.0,-0.4366812227074236,top lane,"22,644",DIAMOND
Rumble,50.91,2.07,48.839999999999996,2.63,1.83,-5.0,-2.4154589371980677,top lane,"17,608",DIAMOND
Amumu,52.39,3.56,48.83,1.74,0.89,0.0,0.0,jungle lane,"11,648",DIAMOND
Gnar,51.59,2.34,49.25,4.73,1.74,-5.0,-2.1367521367521367,top lane,"31,699",DIAMOND
Yone,50.18,3.03,47.15,4.83,4.19,-12.0,-3.960396039603961,middle lane,"32,331",DIAMOND
Renekton,51.83,2.39,49.44,6.27,4.70,-5.0,-2.092050209205021,top lane,"42,037",DIAMOND
Ryze,49.85,2.6,47.25,3.52,0.92,-10.0,-3.846153846153846,middle lane,"23,583",DIAMOND
Sett,52.65,3.25,49.4,4.88,2.39,0.0,0.0,top lane,"32,693",DIAMOND
Volibear,51.52,2.74,48.78,2.86,2.20,-3.0,-1.094890510948905,top lane,"19,158",DIAMOND
Yorick,51.89,3.08,48.81,3.16,6.06,-2.0,-0.6493506493506493,top lane,"21,152",DIAMOND
K'Sante,49.59,2.11,47.480000000000004,3.88,2.31,-12.0,-5.687203791469194,top lane,"26,005",DIAMOND
Heimerdinger,52.65,3.4,49.25,0.95,1.24,0.0,0.0,top lane,"6,359",DIAMOND
Nasus,52.44,3.14,49.3,3.18,4.29,-1.0,-0.3184713375796178,top lane,"21,292",DIAMOND
Gragas,51.74,1.96,49.78,2.23,0.71,-2.0,-1.0204081632653061,top lane,"14,933",DIAMOND
Trundle,51.47,2.74,48.73,0.96,0.25,-1.0,-0.36496350364963503,top lane,"6,413",DIAMOND
Illaoi,51.95,2.75,49.2,2.02,3.26,-1.0,-0.36363636363636365,top lane,"13,559",DIAMOND
Azir,48.76,2.53,46.23,2.61,0.36,-10.0,-3.9525691699604746,middle lane,"17,514",DIAMOND
Mel,47.34,2.83,44.510000000000005,3.80,33.54,-30.0,-10.600706713780918,middle lane,"25,478",DIAMOND
Shen,52.48,0.87,51.61,4.22,2.74,5.0,5.747126436781609,top lane,"60,912",EMERALD
Ahri,52.24,1.07,51.17,11.25,5.59,10.0,9.345794392523365,middle lane,"162,555",EMERALD
Jinx,53.74,1.45,52.29,14.86,5.26,37.0,25.517241379310345,bottom lane,"214,705",EMERALD
Thresh,52.48,1.21,51.269999999999996,13.92,7.82,17.0,14.049586776859504,support lane,"201,076",EMERALD
Naafiri,52.5,1.09,51.41,6.96,23.05,10.0,9.174311926605505,jungle lane,"100,590",EMERALD
Kayle,54.01,1.36,52.65,3.57,4.39,10.0,7.352941176470588,top lane,"51,549",EMERALD
Ashe,52.96,1.27,51.69,14.40,6.87,25.0,19.68503937007874,bottom lane,"207,923",EMERALD
Xerath,53.43,1.07,52.36,5.98,9.81,14.0,13.084112149532709,middle lane,"86,352",EMERALD
Nami,52.27,0.69,51.580000000000005,13.42,4.12,13.0,18.84057971014493,support lane,"193,884",EMERALD
Soraka,53.39,1.31,52.08,5.82,3.07,12.0,9.16030534351145,support lane,"84,131",EMERALD
Graves,51.01,1.13,49.879999999999995,13.15,17.48,-6.0,-5.3097345132743365,jungle lane,"189,958",EMERALD
Janna,53.12,0.55,52.57,3.20,0.56,6.0,10.909090909090908,support lane,"46,234",EMERALD
Jarvan IV,51.66,1.16,50.5,6.78,1.47,2.0,1.7241379310344829,jungle lane,"97,917",EMERALD
Akali,51.22,1.39,49.83,6.98,19.36,-1.0,-0.7194244604316548,middle lane,"100,813",EMERALD
Aatrox,50.97,0.98,49.99,6.36,9.38,-3.0,-3.061224489795918,top lane,"91,894",EMERALD
Twisted Fate,52.01,1.13,50.879999999999995,4.62,0.88,3.0,2.6548672566371683,middle lane,"66,785",EMERALD
Nocturne,53.47,1.68,51.79,9.09,16.68,23.0,13.690476190476192,jungle lane,"131,288",EMERALD
Lulu,51.24,0.99,50.25,9.74,10.22,-1.0,-1.0101010101010102,support lane,"140,654",EMERALD
Anivia,52.61,0.61,52.0,3.57,3.83,5.0,8.19672131147541,middle lane,"51,517",EMERALD
Sona,53.23,1.06,52.169999999999995,3.74,0.42,7.0,6.60377358490566,support lane,"53,966",EMERALD
Garen,53.2,1.88,51.32,9.87,11.14,20.0,10.638297872340425,top lane,"142,565",EMERALD
Xin Zhao,52.26,1.17,51.089999999999996,5.25,2.04,5.0,4.273504273504273,jungle lane,"75,884",EMERALD
Twitch,52.58,1.3,51.28,5.36,7.27,7.0,5.384615384615384,bottom lane,"77,482",EMERALD
Irelia,51.68,1.28,50.4,4.40,14.21,2.0,1.5625,top lane,"63,519",EMERALD
Nautilus,51.01,1.14,49.87,9.11,14.60,-4.0,-3.5087719298245617,support lane,"131,547",EMERALD
Zilean,53.26,1.14,52.12,2.68,1.25,5.0,4.385964912280702,support lane,"38,691",EMERALD
Veigar,52.81,2.09,50.72,4.65,1.97,7.0,3.349282296650718,middle lane,"67,231",EMERALD
Caitlyn,51.31,1.77,49.54,18.30,29.21,-1.0,-0.5649717514124294,bottom lane,"264,326",EMERALD
Kayn,51.91,1.93,49.98,6.69,4.36,4.0,2.072538860103627,jungle lane,"96,589",EMERALD
Viktor,51.68,1.11,50.57,7.00,4.17,2.0,1.8018018018018016,middle lane,"101,074",EMERALD
Darius,50.8,1.65,49.15,7.48,15.84,-5.0,-3.0303030303030303,top lane,"108,094",EMERALD
Ekko,51.55,1.21,50.339999999999996,3.85,2.16,1.0,0.8264462809917356,jungle lane,"55,560",EMERALD
Nilah,54.43,1.51,52.92,1.59,2.93,5.0,3.3112582781456954,bottom lane,"22,949",EMERALD
Milio,53.09,1.01,52.080000000000005,7.42,6.01,14.0,13.861386138613861,support lane,"107,122",EMERALD
Shyvana,52.98,2.02,50.959999999999994,5.74,9.21,10.0,4.9504950495049505,jungle lane,"82,879",EMERALD
Seraphine,52.71,1.56,51.15,6.76,1.85,9.0,5.769230769230769,support lane,"97,669",EMERALD
Ornn,52.77,0.76,52.010000000000005,4.71,0.97,7.0,9.210526315789474,top lane,"68,006",EMERALD
Master Yi,51.88,1.88,50.0,7.34,16.06,5.0,2.6595744680851063,jungle lane,"106,079",EMERALD
Yasuo,50.55,1.67,48.879999999999995,8.21,19.43,-8.0,-4.790419161676647,middle lane,"118,517",EMERALD
Bard,51.31,0.56,50.75,5.51,1.93,0.0,0.0,support lane,"79,624",EMERALD
Miss Fortune,52.72,2.31,50.41,8.42,2.03,12.0,5.194805194805195,bottom lane,"121,658",EMERALD
Brand,52.98,2.61,50.37,3.26,3.39,5.0,1.9157088122605366,support lane,"47,022",EMERALD
Fiora,51.13,1.38,49.75,3.54,4.26,-1.0,-0.7246376811594204,top lane,"51,090",EMERALD
Aurelion Sol,53.06,1.27,51.79,3.07,1.31,5.0,3.937007874015748,middle lane,"44,303",EMERALD
Sion,51.9,1.33,50.57,4.69,1.33,3.0,2.255639097744361,top lane,"67,813",EMERALD
Lissandra,52.45,1.25,51.2,5.78,3.00,6.0,4.8,middle lane,"83,467",EMERALD
Jhin,50.93,1.51,49.42,17.77,2.23,-8.0,-5.298013245033113,bottom lane,"256,647",EMERALD
Viego,50.89,1.61,49.28,10.55,11.37,-6.0,-3.7267080745341614,jungle lane,"152,446",EMERALD
Taric,53.64,1.65,51.99,1.21,0.32,3.0,1.8181818181818183,support lane,"17,497",EMERALD
Katarina,51.56,1.18,50.38,6.49,9.72,1.0,0.8474576271186441,middle lane,"93,697",EMERALD
Rek'Sai,51.63,0.48,51.150000000000006,1.73,1.16,0.0,0.0,jungle lane,"24,920",EMERALD
Singed,52.69,0.91,51.78,2.17,0.77,3.0,3.2967032967032965,top lane,"31,303",EMERALD
Lee Sin,51.03,1.37,49.660000000000004,12.70,13.23,-5.0,-3.64963503649635,jungle lane,"183,384",EMERALD
Rell,52.1,0.94,51.160000000000004,2.87,0.88,2.0,2.127659574468085,support lane,"41,467",EMERALD
Annie,53.23,1.52,51.709999999999994,2.97,0.81,6.0,3.9473684210526314,middle lane,"42,932",EMERALD
Nunu & Willump,52.25,1.01,51.24,2.09,0.57,2.0,1.9801980198019802,jungle lane,"30,172",EMERALD
Karma,50.74,0.83,49.910000000000004,9.11,8.68,-6.0,-7.228915662650603,support lane,"131,605",EMERALD
Vayne,52.37,1.6,50.769999999999996,7.69,12.92,9.0,5.625,bottom lane,"111,040",EMERALD
Kog'Maw,54.0,1.06,52.94,1.60,0.45,4.0,3.773584905660377,bottom lane,"23,072",EMERALD
Bel'Veth,51.88,0.7,51.18,1.67,1.97,1.0,1.4285714285714286,jungle lane,"24,192",EMERALD
Akshan,52.06,0.94,51.120000000000005,2.56,2.28,2.0,2.127659574468085,middle lane,"36,969",EMERALD
Samira,52.24,1.39,50.85,5.69,8.82,5.0,3.5971223021582737,bottom lane,"82,232",EMERALD
Ambessa,50.21,0.47,49.74,4.66,11.46,-6.0,-12.765957446808512,jungle lane,"67,377",EMERALD
Evelynn,52.19,1.58,50.61,2.40,2.45,2.0,1.2658227848101264,jungle lane,"34,728",EMERALD
Fizz,52.91,1.71,51.199999999999996,5.23,7.41,9.0,5.2631578947368425,middle lane,"75,536",EMERALD
Lucian,50.75,1.04,49.71,9.43,3.08,-6.0,-5.769230769230769,bottom lane,"136,273",EMERALD
Rakan,50.74,1.02,49.72,2.72,0.26,-2.0,-1.9607843137254901,support lane,"39,223",EMERALD
Leona,52.39,1.61,50.78,6.51,7.86,7.0,4.3478260869565215,support lane,"93,968",EMERALD
Malzahar,52.96,2.08,50.88,7.82,12.73,14.0,6.730769230769231,middle lane,"112,981",EMERALD
Riven,50.45,0.86,49.59,3.15,1.58,-3.0,-3.488372093023256,top lane,"45,467",EMERALD
Draven,50.62,1.24,49.379999999999995,4.37,12.12,-4.0,-3.2258064516129035,bottom lane,"63,099",EMERALD
Kindred,51.06,1.52,49.54,2.25,1.23,-1.0,-0.6578947368421053,jungle lane,"32,436",EMERALD
Briar,53.28,2.02,51.26,6.15,13.88,14.0,6.930693069306931,jungle lane,"88,902",EMERALD
Malphite,52.47,1.11,51.36,6.54,20.10,9.0,8.108108108108107,top lane,"94,506",EMERALD
Zyra,52.43,2.09,50.34,3.36,3.46,4.0,1.9138755980861246,support lane,"48,509",EMERALD
Zed,50.61,1.2,49.41,7.30,24.15,-7.0,-5.833333333333334,middle lane,"105,472",EMERALD
Lux,51.29,2.49,48.8,6.84,4.83,-1.0,-0.4016064257028112,support lane,"98,808",EMERALD
Fiddlesticks,53.19,1.34,51.849999999999994,2.64,1.65,5.0,3.731343283582089,jungle lane,"38,156",EMERALD
Alistar,50.5,1.0,49.5,3.54,1.46,-3.0,-3.0,support lane,"51,196",EMERALD
Gangplank,51.89,1.3,50.59,4.18,3.77,2.0,1.5384615384615383,top lane,"60,342",EMERALD
Diana,52.51,1.73,50.78,4.01,5.82,5.0,2.8901734104046244,middle lane,"57,886",EMERALD
Vladimir,51.34,1.05,50.290000000000006,3.55,4.09,0.0,0.0,middle lane,"51,343",EMERALD
Braum,52.41,1.23,51.18,5.14,7.89,6.0,4.878048780487805,support lane,"74,183",EMERALD
Smolder,52.49,1.53,50.96,11.12,6.97,14.0,9.15032679738562,bottom lane,"160,661",EMERALD
Senna,51.1,1.42,49.68,4.60,1.36,-1.0,-0.7042253521126761,support lane,"66,451",EMERALD
Sylas,50.32,1.26,49.06,6.68,12.21,-8.0,-6.349206349206349,middle lane,"96,426",EMERALD
Swain,50.25,2.3,47.95,3.19,3.63,-4.0,-1.7391304347826089,support lane,"46,023",EMERALD
Hwei,52.19,0.94,51.25,4.51,2.14,4.0,4.25531914893617,middle lane,"65,070",EMERALD
Maokai,52.6,1.5,51.1,1.97,0.24,2.0,1.3333333333333333,support lane,"28,496",EMERALD
Elise,51.49,0.82,50.67,2.31,1.36,0.0,0.0,jungle lane,"33,354",EMERALD
Quinn,52.53,1.68,50.85,1.16,0.96,1.0,0.5952380952380952,top lane,"16,732",EMERALD
Blitzcrank,51.36,1.48,49.88,4.99,12.76,0.0,0.0,support lane,"72,104",EMERALD
Xayah,52.55,1.63,50.919999999999995,3.93,0.69,5.0,3.067484662576687,bottom lane,"56,695",EMERALD
Yorick,52.13,2.03,50.1,4.09,8.75,3.0,1.4778325123152711,top lane,"59,077",EMERALD
Talon,50.11,0.86,49.25,3.54,3.54,-5.0,-5.813953488372093,jungle lane,"51,142",EMERALD
Zoe,51.34,1.15,50.190000000000005,3.49,4.57,0.0,0.0,middle lane,"50,452",EMERALD
Vel'Koz,52.14,1.19,50.95,3.11,1.42,2.0,1.680672268907563,support lane,"44,941",EMERALD
Aphelios,50.34,1.03,49.31,4.70,2.60,-5.0,-4.854368932038835,bottom lane,"67,921",EMERALD
Morgana,51.91,2.35,49.559999999999995,5.04,20.92,4.0,1.702127659574468,support lane,"72,732",EMERALD
Yunara,49.27,1.14,48.13,6.81,2.77,-15.0,-13.157894736842106,bottom lane,"98,377",EMERALD
Poppy,50.71,1.22,49.49,1.46,2.24,-1.0,-0.819672131147541,support lane,"21,031",EMERALD
Kled,52.75,0.98,51.77,1.62,0.84,2.0,2.0408163265306123,top lane,"23,327",EMERALD
Lillia,52.07,1.47,50.6,3.65,2.39,3.0,2.0408163265306123,jungle lane,"52,656",EMERALD
Olaf,52.58,1.24,51.339999999999996,2.26,2.12,3.0,2.4193548387096775,top lane,"32,646",EMERALD
Rammus,54.63,2.34,52.290000000000006,2.20,4.89,8.0,3.418803418803419,jungle lane,"31,812",EMERALD
Kassadin,50.9,0.8,50.1,2.42,2.49,-1.0,-1.25,middle lane,"34,950",EMERALD
Ziggs,52.38,1.65,50.730000000000004,1.62,0.52,2.0,1.2121212121212122,bottom lane,"23,364",EMERALD
Sivir,51.44,1.33,50.11,4.69,3.06,0.0,0.0,bottom lane,"67,690",EMERALD
Tahm Kench,51.17,1.59,49.58,2.49,2.57,0.0,0.0,support lane,"35,932",EMERALD
LeBlanc,50.66,1.43,49.23,4.52,14.54,-4.0,-2.7972027972027975,middle lane,"65,338",EMERALD
Warwick,52.03,2.43,49.6,2.59,1.58,2.0,0.8230452674897119,jungle lane,"37,348",EMERALD
Ezreal,48.96,1.2,47.76,18.30,8.12,-48.0,-40.0,bottom lane,"264,256",EMERALD
Hecarim,49.94,1.05,48.89,3.14,1.98,-5.0,-4.761904761904762,jungle lane,"45,317",EMERALD
Kai'Sa,49.89,1.23,48.660000000000004,14.64,2.19,-22.0,-17.88617886178862,bottom lane,"211,398",EMERALD
Tristana,51.23,1.5,49.73,4.11,1.28,-1.0,-0.6666666666666666,bottom lane,"59,313",EMERALD
Shaco,51.0,1.91,49.09,4.46,21.00,-2.0,-1.0471204188481675,jungle lane,"64,466",EMERALD
Yuumi,50.22,0.64,49.58,5.40,6.76,-7.0,-10.9375,support lane,"78,034",EMERALD
Syndra,50.89,1.17,49.72,4.66,2.76,-2.0,-1.7094017094017095,middle lane,"67,367",EMERALD
Corki,48.98,0.88,48.099999999999994,2.85,0.53,-7.0,-7.954545454545454,bottom lane,"41,175",EMERALD
Mordekaiser,52.04,1.81,50.23,6.19,10.47,5.0,2.7624309392265194,top lane,"89,339",EMERALD
Vex,53.18,1.45,51.73,3.21,3.97,6.0,4.137931034482759,middle lane,"46,350",EMERALD
Jax,50.57,1.22,49.35,5.53,11.54,-5.0,-4.098360655737705,top lane,"79,856",EMERALD
Qiyana,50.19,0.55,49.64,1.92,1.10,-2.0,-3.6363636363636362,middle lane,"27,677",EMERALD
Pyke,49.91,1.41,48.5,5.97,19.25,-11.0,-7.801418439716312,support lane,"86,298",EMERALD
Kha'Zix,50.3,1.19,49.11,5.26,3.89,-6.0,-5.042016806722689,jungle lane,"75,995",EMERALD
Zeri,51.08,0.81,50.269999999999996,1.84,0.17,-1.0,-1.2345679012345678,bottom lane,"26,536",EMERALD
Amumu,52.69,2.44,50.25,2.73,1.64,4.0,1.639344262295082,jungle lane,"39,416",EMERALD
Dr. Mundo,51.98,1.78,50.199999999999996,3.46,7.09,2.0,1.1235955056179776,top lane,"50,007",EMERALD
Pantheon,49.51,1.36,48.15,3.18,1.91,-6.0,-4.411764705882352,support lane,"45,965",EMERALD
Zac,50.88,1.01,49.870000000000005,2.30,1.10,-1.0,-0.9900990099009901,jungle lane,"33,155",EMERALD
Kalista,48.8,1.35,47.449999999999996,1.34,0.22,-3.0,-2.222222222222222,bottom lane,"19,290",EMERALD
Cho'Gath,51.45,1.62,49.830000000000005,2.52,0.74,0.0,0.0,top lane,"36,430",EMERALD
Wukong,51.08,0.92,50.16,2.22,0.49,-1.0,-1.0869565217391304,jungle lane,"32,026",EMERALD
Varus,48.58,1.36,47.22,3.57,2.97,-10.0,-7.352941176470588,bottom lane,"51,602",EMERALD
Neeko,49.77,1.46,48.31,1.94,1.16,-3.0,-2.0547945205479454,support lane,"27,989",EMERALD
Urgot,52.6,1.33,51.27,2.68,0.91,3.0,2.255639097744361,top lane,"38,662",EMERALD
Sejuani,52.0,1.28,50.72,2.02,0.21,1.0,0.78125,jungle lane,"29,141",EMERALD
Cassiopeia,51.49,1.13,50.36,1.14,1.05,0.0,0.0,middle lane,"16,465",EMERALD
Renata Glasc,51.28,1.21,50.07,1.00,0.15,0.0,0.0,support lane,"14,496",EMERALD
Karthus,50.39,1.02,49.37,1.34,0.70,-1.0,-0.9803921568627451,jungle lane,"19,401",EMERALD
Volibear,51.05,1.58,49.47,3.47,3.14,-1.0,-0.6329113924050632,top lane,"50,136",EMERALD
Ivern,51.15,0.65,50.5,1.05,0.32,0.0,0.0,jungle lane,"15,195",EMERALD
Sett,52.22,1.56,50.66,6.11,3.29,5.0,3.205128205128205,top lane,"88,253",EMERALD
Udyr,51.41,1.19,50.22,1.68,0.74,0.0,0.0,jungle lane,"24,308",EMERALD
Aurora,50.11,0.78,49.33,3.58,2.58,-5.0,-6.41025641025641,middle lane,"51,718",EMERALD
Teemo,52.72,2.09,50.629999999999995,3.30,5.87,5.0,2.3923444976076556,top lane,"47,636",EMERALD
Kennen,50.91,1.38,49.529999999999994,1.89,1.63,-1.0,-0.7246376811594204,top lane,"27,350",EMERALD
Vi,50.91,1.41,49.5,5.14,1.53,-2.0,-1.4184397163120568,jungle lane,"74,299",EMERALD
Zaahen,50.26,1.1,49.16,2.77,5.53,-3.0,-2.727272727272727,top lane,"39,965",EMERALD
Galio,50.56,1.23,49.330000000000005,3.27,1.46,-3.0,-2.4390243902439024,middle lane,"47,194",EMERALD
Skarner,51.46,0.71,50.75,0.81,0.19,0.0,0.0,jungle lane,"11,765",EMERALD
Nasus,51.95,1.55,50.400000000000006,3.81,5.42,2.0,1.2903225806451613,top lane,"55,030",EMERALD
Renekton,50.87,1.01,49.86,5.85,3.87,-3.0,-2.9702970297029703,top lane,"84,444",EMERALD
Rengar,48.25,0.66,47.59,3.73,5.38,-12.0,-18.18181818181818,jungle lane,"53,874",EMERALD
Heimerdinger,51.92,2.07,49.85,1.19,1.82,1.0,0.48309178743961356,top lane,"17,196",EMERALD
Nidalee,48.75,0.34,48.41,1.77,0.64,-5.0,-14.705882352941176,jungle lane,"25,535",EMERALD
Gwen,50.21,1.32,48.89,2.30,3.52,-3.0,-2.2727272727272725,top lane,"33,238",EMERALD
Illaoi,51.82,2.05,49.77,2.59,5.05,1.0,0.48780487804878053,top lane,"37,408",EMERALD
Tryndamere,51.24,1.56,49.68,2.97,1.93,0.0,0.0,top lane,"42,859",EMERALD
Jayce,48.91,0.57,48.339999999999996,4.10,3.66,-10.0,-17.54385964912281,top lane,"59,150",EMERALD
Camille,50.84,0.55,50.290000000000006,2.86,0.89,-2.0,-3.6363636363636362,top lane,"41,320",EMERALD
Ryze,48.31,1.11,47.2,3.09,0.74,-9.0,-8.108108108108107,middle lane,"44,672",EMERALD
K'Sante,47.35,0.94,46.410000000000004,3.06,1.93,-13.0,-13.829787234042554,top lane,"44,216",EMERALD
Yone,49.65,1.78,47.87,5.42,5.31,-10.0,-5.617977528089887,middle lane,"78,248",EMERALD
Gnar,50.2,0.97,49.230000000000004,4.14,1.40,-5.0,-5.154639175257732,top lane,"59,811",EMERALD
Orianna,48.54,0.78,47.76,4.12,0.76,-12.0,-15.384615384615383,middle lane,"59,471",EMERALD
Trundle,50.51,2.35,48.16,1.33,0.38,-1.0,-0.425531914893617,top lane,"19,202",EMERALD
Taliyah,48.39,0.43,47.96,1.15,0.25,-3.0,-6.976744186046512,middle lane,"16,544",EMERALD
Rumble,49.55,1.02,48.529999999999994,2.18,1.08,-4.0,-3.9215686274509802,top lane,"31,525",EMERALD
Azir,47.69,1.22,46.47,2.39,0.35,-9.0,-7.377049180327869,middle lane,"34,459",EMERALD
Gragas,49.94,0.82,49.12,1.93,0.61,-3.0,-3.658536585365854,top lane,"27,897",EMERALD
Mel,47.27,1.92,45.35,4.51,36.48,-29.0,-15.104166666666668,middle lane,"65,194",EMERALD
Ahri,51.48,0.61,50.87,10.52,5.34,9.0,14.754098360655737,middle lane,"220,694",PLATINUM
Jinx,52.53,0.96,51.57,14.97,5.61,29.0,30.208333333333336,bottom lane,"314,102",PLATINUM
Nami,52.17,0.05,52.120000000000005,11.14,3.35,17.0,340.0,support lane,"233,630",PLATINUM
Naafiri,52.03,0.35,51.68,6.21,20.75,10.0,28.571428571428573,jungle lane,"130,270",PLATINUM
Ashe,52.24,0.8,51.440000000000005,14.53,6.82,24.0,30.0,bottom lane,"304,850",PLATINUM
Shen,51.73,0.79,50.94,3.99,2.41,4.0,5.063291139240506,top lane,"83,608",PLATINUM
Thresh,51.32,0.42,50.9,12.78,6.44,8.0,19.047619047619047,support lane,"268,154",PLATINUM
Xin Zhao,51.69,0.54,51.15,4.85,1.79,5.0,9.25925925925926,jungle lane,"101,790",PLATINUM
Kayle,53.31,0.66,52.650000000000006,3.60,3.95,10.0,15.15151515151515,top lane,"75,616",PLATINUM
Soraka,52.48,0.17,52.309999999999995,5.29,3.01,10.0,58.8235294117647,support lane,"111,008",PLATINUM
Xerath,52.69,0.4,52.29,5.57,11.01,12.0,30.0,middle lane,"116,819",PLATINUM
Sona,52.89,0.62,52.27,3.56,0.37,8.0,12.903225806451614,support lane,"74,599",PLATINUM
Veigar,53.27,1.41,51.86000000000001,5.92,2.89,16.0,11.347517730496454,middle lane,"124,273",PLATINUM
Janna,52.12,0.13,51.989999999999995,2.38,0.34,3.0,23.076923076923077,support lane,"50,016",PLATINUM
Akali,50.53,0.88,49.65,7.09,18.44,-1.0,-1.1363636363636365,middle lane,"148,707",PLATINUM
Garen,52.9,0.8,52.1,10.58,12.20,27.0,33.75,top lane,"221,948",PLATINUM
Graves,50.37,0.25,50.12,11.75,12.83,-4.0,-16.0,jungle lane,"246,394",PLATINUM
Irelia,50.95,0.6,50.35,4.10,13.19,1.0,1.6666666666666667,top lane,"85,990",PLATINUM
Jarvan IV,50.88,0.12,50.760000000000005,5.80,1.14,1.0,8.333333333333334,jungle lane,"121,635",PLATINUM
Nautilus,50.65,0.85,49.8,9.53,14.28,-1.0,-1.1764705882352942,support lane,"199,836",PLATINUM
Caitlyn,50.86,1.05,49.81,20.86,30.75,5.0,4.761904761904762,bottom lane,"437,545",PLATINUM
Nocturne,53.07,0.71,52.36,9.64,17.43,28.0,39.43661971830986,jungle lane,"202,256",PLATINUM
Viktor,51.62,0.06,51.559999999999995,6.11,3.51,6.0,100.0,middle lane,"128,223",PLATINUM
Aatrox,50.25,0.4,49.85,5.70,8.81,-3.0,-7.5,top lane,"119,540",PLATINUM
Milio,52.96,0.05,52.910000000000004,6.29,4.93,15.0,300.0,support lane,"131,911",PLATINUM
Anivia,51.71,0.47,51.24,2.99,2.86,3.0,6.382978723404256,middle lane,"62,764",PLATINUM
Kayn,51.3,1.09,50.209999999999994,7.67,5.13,5.0,4.587155963302752,jungle lane,"160,942",PLATINUM
Brand,52.42,1.25,51.17,4.32,4.99,8.0,6.4,support lane,"90,597",PLATINUM
Shyvana,52.87,1.0,51.87,6.37,9.74,15.0,15.0,jungle lane,"133,568",PLATINUM
Nilah,53.19,0.29,52.9,1.50,2.83,4.0,13.793103448275863,bottom lane,"31,527",PLATINUM
Sion,51.65,0.42,51.23,4.53,1.40,4.0,9.523809523809524,top lane,"95,053",PLATINUM
Zilean,52.0,0.06,51.94,2.23,0.90,3.0,50.0,support lane,"46,879",PLATINUM
Yasuo,50.14,1.21,48.93,9.45,20.46,-7.0,-5.785123966942149,middle lane,"198,252",PLATINUM
Ekko,50.68,0.64,50.04,3.62,2.03,0.0,0.0,jungle lane,"75,910",PLATINUM
Singed,52.6,0.66,51.940000000000005,2.11,0.78,4.0,6.0606060606060606,top lane,"44,180",PLATINUM
Twitch,51.62,0.69,50.93,5.31,7.21,5.0,7.246376811594203,bottom lane,"111,398",PLATINUM
Seraphine,52.12,0.83,51.29,7.36,2.17,11.0,13.253012048192772,support lane,"154,421",PLATINUM
Viego,50.34,0.68,49.660000000000004,10.34,11.64,-4.0,-5.88235294117647,jungle lane,"216,822",PLATINUM
Miss Fortune,52.35,1.5,50.85,11.61,3.55,20.0,13.333333333333334,bottom lane,"243,555",PLATINUM
Malzahar,52.78,1.08,51.7,9.31,16.19,23.0,21.296296296296294,middle lane,"195,335",PLATINUM
Ornn,52.07,0.34,51.73,4.24,0.94,6.0,17.64705882352941,top lane,"88,916",PLATINUM
Master Yi,50.92,1.16,49.760000000000005,8.52,17.31,2.0,1.7241379310344829,jungle lane,"178,763",PLATINUM
Vayne,51.52,0.63,50.89,7.96,12.65,7.0,11.11111111111111,bottom lane,"166,875",PLATINUM
Fizz,52.62,1.18,51.44,6.02,9.31,13.0,11.016949152542374,middle lane,"126,216",PLATINUM
Lulu,50.06,0.15,49.910000000000004,8.21,8.08,-6.0,-40.0,support lane,"172,216",PLATINUM
Kog'Maw,53.36,0.65,52.71,1.52,0.43,4.0,6.153846153846153,bottom lane,"31,804",PLATINUM
Bard,50.41,0.09,50.31999999999999,4.10,1.23,-1.0,-11.11111111111111,support lane,"86,013",PLATINUM
Malphite,52.25,0.68,51.57,6.83,18.90,13.0,19.11764705882353,top lane,"143,345",PLATINUM
Aurelion Sol,51.82,0.65,51.17,3.05,1.36,3.0,4.615384615384615,middle lane,"63,951",PLATINUM
Briar,53.51,0.78,52.73,6.60,15.93,22.0,28.205128205128204,jungle lane,"138,456",PLATINUM
Samira,52.14,1.28,50.86,6.01,10.73,10.0,7.8125,bottom lane,"126,098",PLATINUM
Rell,51.51,0.61,50.9,2.60,0.84,2.0,3.278688524590164,support lane,"54,451",PLATINUM
Taric,52.19,0.49,51.699999999999996,1.28,0.36,2.0,4.081632653061225,support lane,"26,790",PLATINUM
Jhin,50.39,0.67,49.72,18.29,2.91,-6.0,-8.955223880597014,bottom lane,"383,696",PLATINUM
Nunu & Willump,51.15,0.64,50.51,1.90,0.53,1.0,1.5625,jungle lane,"39,913",PLATINUM
Leona,52.13,1.06,51.07,7.41,9.44,12.0,11.320754716981131,support lane,"155,389",PLATINUM
Warwick,52.08,1.73,50.35,3.66,2.60,5.0,2.8901734104046244,jungle lane,"76,771",PLATINUM
Diana,52.1,0.68,51.42,4.37,6.15,7.0,10.294117647058822,middle lane,"91,752",PLATINUM
Zyra,52.03,0.84,51.19,4.11,4.38,6.0,7.142857142857143,support lane,"86,270",PLATINUM
Ambessa,49.42,0.06,49.36,3.64,8.05,-5.0,-83.33333333333334,jungle lane,"76,426",PLATINUM
Hwei,51.74,0.56,51.18,3.82,1.86,4.0,7.142857142857142,middle lane,"80,047",PLATINUM
Annie,52.04,0.5,51.54,2.81,0.87,4.0,8.0,middle lane,"58,861",PLATINUM
Lux,51.0,1.51,49.49,9.56,8.27,3.0,1.9867549668874172,support lane,"200,626",PLATINUM
Lillia,51.82,0.74,51.08,3.73,2.44,4.0,5.405405405405405,jungle lane,"78,150",PLATINUM
Poppy,51.14,0.65,50.49,1.52,1.67,1.0,1.5384615384615383,support lane,"31,890",PLATINUM
Yorick,52.0,1.14,50.86,5.00,11.34,7.0,6.140350877192983,top lane,"104,841",PLATINUM
Rek'Sai,50.28,0.29,49.99,1.30,0.77,-1.0,-3.4482758620689657,jungle lane,"27,356",PLATINUM
Twisted Fate,50.39,0.06,50.33,3.82,0.63,-1.0,-16.666666666666668,middle lane,"80,195",PLATINUM
Evelynn,50.97,0.34,50.629999999999995,2.30,2.06,1.0,2.941176470588235,jungle lane,"48,277",PLATINUM
Karma,50.0,0.06,49.94,7.34,6.38,-5.0,-83.33333333333334,support lane,"154,027",PLATINUM
Mordekaiser,52.17,1.19,50.980000000000004,7.27,13.45,12.0,10.084033613445378,top lane,"152,525",PLATINUM
Lissandra,51.23,0.23,51.0,4.96,2.63,3.0,13.043478260869565,middle lane,"104,100",PLATINUM
Smolder,52.22,0.37,51.85,10.79,6.59,18.0,48.64864864864865,bottom lane,"226,289",PLATINUM
Blitzcrank,50.85,0.6,50.25,5.13,13.43,1.0,1.6666666666666667,support lane,"107,659",PLATINUM
Katarina,50.48,0.76,49.72,6.31,8.44,-2.0,-2.6315789473684212,middle lane,"132,292",PLATINUM
Wukong,51.36,1.02,50.339999999999996,2.17,0.44,1.0,0.9803921568627451,jungle lane,"45,581",PLATINUM
Ziggs,52.35,0.47,51.88,1.62,0.61,3.0,6.382978723404256,bottom lane,"33,886",PLATINUM
Bel'Veth,50.29,0.24,50.05,1.35,1.33,-1.0,-4.166666666666667,jungle lane,"28,232",PLATINUM
Morgana,51.81,1.21,50.6,6.74,25.15,10.0,8.264462809917356,support lane,"141,376",PLATINUM
Rammus,53.59,0.97,52.620000000000005,2.65,6.11,8.0,8.247422680412372,jungle lane,"55,620",PLATINUM
Kled,51.93,0.43,51.5,1.41,0.84,2.0,4.651162790697675,top lane,"29,493",PLATINUM
Gangplank,50.56,0.36,50.2,4.00,3.22,-1.0,-2.7777777777777777,top lane,"83,930",PLATINUM
Maokai,51.97,0.96,51.01,2.18,0.29,3.0,3.125,support lane,"45,784",PLATINUM
Elise,50.49,0.23,50.260000000000005,1.81,0.91,0.0,0.0,jungle lane,"37,981",PLATINUM
Vladimir,50.5,0.38,50.12,3.10,3.49,-1.0,-2.6315789473684212,middle lane,"64,945",PLATINUM
Draven,48.96,0.22,48.74,4.08,10.06,-8.0,-36.36363636363637,bottom lane,"85,485",PLATINUM
Vel'Koz,51.92,1.02,50.9,3.19,1.59,4.0,3.9215686274509802,support lane,"66,980",PLATINUM
Zaahen,50.43,0.74,49.69,2.56,5.27,-1.0,-1.3513513513513513,top lane,"53,792",PLATINUM
Fiddlesticks,51.47,0.34,51.129999999999995,2.48,1.29,2.0,5.88235294117647,jungle lane,"52,071",PLATINUM
Braum,51.55,0.37,51.18,4.70,5.72,4.0,10.81081081081081,support lane,"98,664",PLATINUM
Yunara,48.16,0.37,47.79,6.08,2.68,-16.0,-43.24324324324324,bottom lane,"127,543",PLATINUM
Volibear,50.85,0.87,49.980000000000004,3.86,3.78,1.0,1.1494252873563218,top lane,"80,903",PLATINUM
Akshan,50.59,0.12,50.470000000000006,2.15,1.75,0.0,0.0,middle lane,"45,113",PLATINUM
Rakan,49.88,0.26,49.620000000000005,2.39,0.25,-2.0,-7.692307692307692,support lane,"50,086",PLATINUM
Dr. Mundo,51.73,0.69,51.04,3.70,8.25,4.0,5.797101449275363,top lane,"77,607",PLATINUM
Zac,50.39,0.99,49.4,2.25,0.90,-1.0,-1.0101010101010102,jungle lane,"47,271",PLATINUM
Senna,50.02,0.61,49.410000000000004,4.60,1.29,-3.0,-4.918032786885246,support lane,"96,504",PLATINUM
Syndra,50.33,0.38,49.949999999999996,4.21,2.55,-2.0,-5.2631578947368425,middle lane,"88,324",PLATINUM
Tahm Kench,50.93,1.45,49.48,3.14,3.72,1.0,0.6896551724137931,support lane,"65,962",PLATINUM
Jax,50.18,0.79,49.39,5.58,10.24,-3.0,-3.7974683544303796,top lane,"116,989",PLATINUM
Talon,48.54,0.21,48.33,2.88,2.01,-6.0,-28.571428571428573,jungle lane,"60,450",PLATINUM
Aphelios,49.75,0.36,49.39,4.00,2.39,-4.0,-11.11111111111111,bottom lane,"84,002",PLATINUM
Vex,52.34,1.07,51.27,3.57,4.19,6.0,5.607476635514018,middle lane,"74,799",PLATINUM
Swain,49.91,1.49,48.419999999999995,4.19,4.99,-3.0,-2.0134228187919465,support lane,"87,914",PLATINUM
Xayah,51.01,0.15,50.86,3.63,0.64,1.0,6.666666666666667,bottom lane,"76,187",PLATINUM
Sett,52.61,1.17,51.44,6.99,3.97,14.0,11.965811965811966,top lane,"146,624",PLATINUM
Ezreal,48.07,0.38,47.69,17.13,7.04,-48.0,-126.3157894736842,bottom lane,"359,425",PLATINUM
Cho'Gath,50.81,1.0,49.81,2.74,0.92,0.0,0.0,top lane,"57,576",PLATINUM
Sejuani,51.74,1.08,50.660000000000004,2.22,0.24,2.0,1.8518518518518516,jungle lane,"46,638",PLATINUM
Sylas,49.61,0.56,49.05,6.46,11.74,-8.0,-14.285714285714285,middle lane,"135,508",PLATINUM
Olaf,51.37,0.82,50.55,2.13,1.86,1.0,1.2195121951219512,top lane,"44,773",PLATINUM
Lucian,49.35,0.36,48.99,8.10,2.60,-11.0,-30.555555555555557,bottom lane,"169,893",PLATINUM
Quinn,50.82,0.76,50.06,1.29,1.13,0.0,0.0,top lane,"26,999",PLATINUM
Urgot,52.12,1.04,51.08,2.73,1.17,4.0,3.846153846153846,top lane,"57,348",PLATINUM
Sivir,50.53,0.2,50.33,4.29,2.60,-1.0,-5.0,bottom lane,"89,952",PLATINUM
Amumu,52.61,1.26,51.35,3.73,2.34,7.0,5.555555555555555,jungle lane,"78,321",PLATINUM
Corki,47.79,0.13,47.66,2.28,0.45,-7.0,-53.84615384615385,bottom lane,"47,797",PLATINUM
Pantheon,49.32,1.12,48.2,3.69,2.19,-5.0,-4.4642857142857135,support lane,"77,454",PLATINUM
Kassadin,49.61,-0.11,49.72,1.95,1.52,-2.0,18.181818181818183,middle lane,"40,967",PLATINUM
Kai'Sa,49.18,0.37,48.81,13.56,2.11,-21.0,-56.75675675675676,bottom lane,"284,505",PLATINUM
Tristana,50.19,1.24,48.949999999999996,4.64,1.57,-2.0,-1.6129032258064517,bottom lane,"97,361",PLATINUM
Riven,49.36,0.78,48.58,2.68,1.12,-4.0,-5.128205128205128,top lane,"56,303",PLATINUM
Kindred,48.89,0.52,48.37,2.26,0.91,-4.0,-7.692307692307692,jungle lane,"47,478",PLATINUM
Hecarim,47.78,0.13,47.65,2.42,1.19,-7.0,-53.84615384615385,jungle lane,"50,739",PLATINUM
Zeri,50.38,0.11,50.27,1.55,0.17,0.0,0.0,bottom lane,"32,424",PLATINUM
LeBlanc,49.97,0.62,49.35,4.44,13.59,-4.0,-6.451612903225807,middle lane,"93,052",PLATINUM
Kalista,47.46,0.36,47.1,1.26,0.26,-4.0,-11.11111111111111,bottom lane,"26,486",PLATINUM
Renata Glasc,51.26,0.35,50.91,0.94,0.16,1.0,2.857142857142857,support lane,"19,743",PLATINUM
Alistar,49.49,0.5,48.99,3.26,1.32,-4.0,-8.0,support lane,"68,360",PLATINUM
Varus,47.58,0.49,47.089999999999996,3.64,2.60,-12.0,-24.489795918367346,bottom lane,"76,420",PLATINUM
Lee Sin,49.52,0.4,49.120000000000005,11.46,12.15,-15.0,-37.5,jungle lane,"240,351",PLATINUM
Qiyana,47.92,0.25,47.67,1.65,0.67,-5.0,-20.0,middle lane,"34,511",PLATINUM
Teemo,51.9,1.09,50.809999999999995,4.38,9.05,6.0,5.504587155963303,top lane,"91,887",PLATINUM
Vi,50.65,0.81,49.839999999999996,5.13,1.36,0.0,0.0,jungle lane,"107,560",PLATINUM
Neeko,49.13,0.91,48.220000000000006,2.07,1.18,-3.0,-3.2967032967032965,support lane,"43,427",PLATINUM
Heimerdinger,51.55,1.05,50.5,1.49,2.71,1.0,0.9523809523809523,top lane,"31,312",PLATINUM
Pyke,48.86,0.66,48.2,5.70,15.44,-12.0,-18.18181818181818,support lane,"119,535",PLATINUM
Illaoi,51.68,1.16,50.52,3.06,6.69,3.0,2.586206896551724,top lane,"64,087",PLATINUM
Ivern,50.28,0.32,49.96,0.86,0.25,0.0,0.0,jungle lane,"18,056",PLATINUM
Shaco,49.9,1.28,48.62,5.43,25.72,-6.0,-4.6875,jungle lane,"113,993",PLATINUM
Nasus,51.63,1.1,50.53,4.51,5.73,4.0,3.6363636363636362,top lane,"94,694",PLATINUM
Udyr,50.34,0.68,49.660000000000004,1.64,0.66,-1.0,-1.4705882352941175,jungle lane,"34,487",PLATINUM
Darius,49.71,1.09,48.62,8.11,17.05,-10.0,-9.174311926605505,top lane,"170,136",PLATINUM
Karthus,48.75,0.33,48.42,1.23,0.44,-2.0,-6.0606060606060606,jungle lane,"25,875",PLATINUM
Zed,49.37,0.73,48.64,7.29,23.70,-13.0,-17.808219178082194,middle lane,"152,843",PLATINUM
Yuumi,49.53,0.27,49.26,4.89,5.01,-6.0,-22.22222222222222,support lane,"102,589",PLATINUM
Tryndamere,50.85,1.24,49.61,3.36,2.31,1.0,0.8064516129032259,top lane,"70,476",PLATINUM
Kha'Zix,48.53,0.45,48.08,4.79,3.10,-11.0,-24.444444444444443,jungle lane,"100,458",PLATINUM
Nidalee,47.02,0.32,46.7,1.46,0.46,-5.0,-15.625,jungle lane,"30,598",PLATINUM
Zoe,49.59,0.25,49.34,3.14,3.39,-4.0,-16.0,middle lane,"65,957",PLATINUM
Rengar,45.94,0.47,45.47,3.19,3.16,-16.0,-34.04255319148936,jungle lane,"66,967",PLATINUM
Galio,50.1,0.69,49.410000000000004,3.22,1.48,-2.0,-2.8985507246376816,middle lane,"67,572",PLATINUM
Renekton,50.24,0.71,49.53,5.36,3.31,-3.0,-4.225352112676057,top lane,"112,479",PLATINUM
Jayce,48.16,0.14,48.019999999999996,3.30,2.56,-9.0,-64.28571428571428,top lane,"69,222",PLATINUM
Fiora,49.14,0.13,49.01,3.06,3.29,-5.0,-38.46153846153846,top lane,"64,151",PLATINUM
Aurora,49.37,0.54,48.83,3.20,2.36,-4.0,-7.4074074074074066,middle lane,"67,101",PLATINUM
Kennen,50.0,0.42,49.58,1.75,1.45,-1.0,-2.380952380952381,top lane,"36,758",PLATINUM
Trundle,50.18,1.2,48.98,1.67,0.53,-1.0,-0.8333333333333334,top lane,"35,008",PLATINUM
Skarner,48.45,0.24,48.21,0.69,0.18,-2.0,-8.333333333333334,jungle lane,"14,488",PLATINUM
Yone,49.48,0.89,48.589999999999996,6.26,6.25,-8.0,-8.98876404494382,middle lane,"131,382",PLATINUM
Cassiopeia,49.65,0.93,48.72,1.06,0.95,-1.0,-1.075268817204301,middle lane,"22,284",PLATINUM
Taliyah,47.33,0.69,46.64,0.91,0.18,-3.0,-4.347826086956522,middle lane,"19,103",PLATINUM
K'Sante,45.89,0.29,45.6,2.66,1.67,-13.0,-44.827586206896555,top lane,"55,878",PLATINUM
Orianna,47.82,0.5,47.32,3.63,0.63,-11.0,-22.0,middle lane,"76,248",PLATINUM
Ryze,47.43,0.4,47.03,2.79,0.66,-9.0,-22.5,middle lane,"58,532",PLATINUM
Gwen,48.94,0.54,48.4,2.32,3.00,-4.0,-7.4074074074074066,top lane,"48,747",PLATINUM
Rumble,48.45,0.56,47.89,2.04,0.85,-5.0,-8.928571428571427,top lane,"42,693",PLATINUM
Camille,49.27,0.06,49.21,2.13,0.70,-3.0,-50.0,top lane,"44,619",PLATINUM
Gnar,49.25,0.25,49.0,3.58,1.18,-5.0,-20.0,top lane,"75,100",PLATINUM
Azir,46.46,0.64,45.82,2.18,0.36,-9.0,-14.0625,middle lane,"45,653",PLATINUM
Mel,47.25,1.0,46.25,5.44,38.84,-31.0,-31.0,middle lane,"114,202",PLATINUM
Gragas,47.92,0.51,47.410000000000004,1.64,0.48,-5.0,-9.803921568627452,top lane,"34,438",PLATINUM
Ahri,50.56,0.2,50.36,10.11,5.21,5.0,25.0,middle lane,"237,198",GOLD
Jinx,51.52,0.0,51.52,14.98,5.87,23.0,23.0,bottom lane,"351,302",GOLD
Nami,51.9,-0.51,52.41,8.83,2.53,16.0,-31.372549019607842,support lane,"207,177",GOLD
Naafiri,51.22,-0.45,51.67,5.41,18.11,7.0,-15.555555555555555,jungle lane,"126,902",GOLD
Kayle,52.65,0.36,52.29,3.76,3.53,10.0,27.77777777777778,top lane,"88,237",GOLD
Thresh,50.34,-0.14,50.480000000000004,11.08,4.94,3.0,-21.428571428571427,support lane,"259,873",GOLD
Ashe,50.99,0.07,50.92,14.68,6.79,14.0,199.99999999999997,bottom lane,"344,244",GOLD
Sona,52.55,-0.08,52.629999999999995,3.44,0.34,8.0,-100.0,support lane,"80,585",GOLD
Garen,52.58,0.25,52.33,11.58,12.40,33.0,132.0,top lane,"271,520",GOLD
Xerath,52.06,-0.03,52.09,5.00,11.46,11.0,-366.6666666666667,middle lane,"117,334",GOLD
Soraka,52.04,-0.03,52.07,4.87,2.74,10.0,-333.33333333333337,support lane,"114,184",GOLD
Irelia,50.33,-0.17,50.5,3.86,11.88,1.0,-5.88235294117647,top lane,"90,555",GOLD
Veigar,53.08,0.67,52.41,7.46,4.12,23.0,34.32835820895522,middle lane,"174,897",GOLD
Nocturne,52.48,0.36,52.12,9.79,16.76,28.0,77.77777777777779,jungle lane,"229,679",GOLD
Shyvana,52.88,-0.19,53.07,6.73,9.47,21.0,-110.52631578947368,jungle lane,"157,898",GOLD
Viktor,51.19,-0.52,51.71,4.86,2.75,5.0,-9.615384615384615,middle lane,"114,007",GOLD
Xin Zhao,51.02,0.05,50.970000000000006,4.59,1.55,4.0,80.0,jungle lane,"107,579",GOLD
Brand,52.33,0.29,52.04,5.24,6.58,13.0,44.827586206896555,support lane,"122,793",GOLD
Caitlyn,50.23,0.17,50.059999999999995,22.64,31.49,5.0,29.41176470588235,bottom lane,"531,116",GOLD
Kayn,50.53,0.29,50.24,8.47,5.78,4.0,13.793103448275863,jungle lane,"198,658",GOLD
Ekko,50.79,0.28,50.51,3.29,2.00,2.0,7.142857142857142,middle lane,"77,279",GOLD
Milio,52.3,-0.76,53.059999999999995,4.94,3.46,11.0,-14.473684210526315,support lane,"115,856",GOLD
Jarvan IV,50.2,-0.43,50.63,4.72,0.90,1.0,-2.3255813953488373,jungle lane,"110,815",GOLD
Shen,50.09,-0.26,50.35,3.63,2.00,0.0,-0.0,top lane,"85,103",GOLD
Aurelion Sol,51.85,-0.14,51.99,2.99,1.37,5.0,-35.71428571428571,middle lane,"70,130",GOLD
Taric,52.86,0.26,52.6,1.30,0.39,4.0,15.384615384615383,support lane,"30,441",GOLD
Nilah,53.44,0.18,53.26,1.47,2.59,5.0,27.77777777777778,bottom lane,"34,403",GOLD
Master Yi,50.29,0.59,49.699999999999996,10.07,19.37,2.0,3.3898305084745766,jungle lane,"236,188",GOLD
Sion,51.33,-0.33,51.66,4.11,1.40,5.0,-15.15151515151515,top lane,"96,450",GOLD
Miss Fortune,52.17,0.94,51.230000000000004,15.68,5.94,35.0,37.23404255319149,bottom lane,"367,862",GOLD
Zilean,51.26,-0.26,51.519999999999996,1.74,0.63,2.0,-7.692307692307692,support lane,"40,803",GOLD
Singed,51.9,-0.21,52.11,1.98,0.79,4.0,-19.047619047619047,top lane,"46,459",GOLD
Briar,53.29,0.06,53.23,6.76,16.80,26.0,433.33333333333337,jungle lane,"158,634",GOLD
Twitch,51.07,0.04,51.03,5.19,7.48,5.0,125.0,bottom lane,"121,624",GOLD
Janna,50.44,-0.93,51.37,1.71,0.23,1.0,-1.075268817204301,support lane,"40,042",GOLD
Ambessa,49.46,-0.34,49.800000000000004,2.85,5.69,-2.0,5.88235294117647,jungle lane,"66,741",GOLD
Seraphine,51.46,0.41,51.050000000000004,8.31,2.75,12.0,29.26829268292683,support lane,"194,954",GOLD
Zyra,52.16,0.4,51.76,4.78,4.91,10.0,25.0,support lane,"112,140",GOLD
Samira,51.1,0.01,51.09,6.47,12.65,7.0,700.0,bottom lane,"151,749",GOLD
Ornn,51.59,-0.24,51.830000000000005,3.70,0.85,6.0,-25.0,top lane,"86,895",GOLD
Leona,51.44,0.26,51.18,8.30,10.57,13.0,50.0,support lane,"194,641",GOLD
Diana,51.74,0.2,51.54,4.60,6.26,8.0,40.0,middle lane,"107,943",GOLD
Lillia,51.58,0.15,51.43,3.64,2.40,6.0,40.0,jungle lane,"85,477",GOLD
Warwick,51.26,1.0,50.26,4.93,4.16,6.0,6.0,jungle lane,"115,578",GOLD
Vayne,50.77,0.0,50.77,7.75,12.03,6.0,6.0,bottom lane,"181,871",GOLD
Rell,50.83,-0.11,50.94,2.53,0.83,2.0,-18.181818181818183,support lane,"59,377",GOLD
Malzahar,52.32,-0.13,52.45,9.96,18.67,27.0,-207.69230769230768,middle lane,"233,643",GOLD
Kog'Maw,52.57,-0.11,52.68,1.49,0.42,4.0,-36.36363636363637,bottom lane,"34,962",GOLD
Fizz,51.78,0.07,51.71,6.54,10.86,12.0,171.42857142857142,middle lane,"153,289",GOLD
Viego,49.87,-0.1,49.97,10.30,11.40,-3.0,30.0,jungle lane,"241,634",GOLD
Malphite,51.54,0.06,51.48,7.03,17.13,12.0,200.0,top lane,"164,862",GOLD
Lux,50.85,0.8,50.050000000000004,12.97,13.09,11.0,13.75,support lane,"304,284",GOLD
Anivia,50.56,-0.23,50.79,2.54,2.06,1.0,-4.3478260869565215,middle lane,"59,585",GOLD
Yorick,51.94,0.39,51.55,6.03,13.83,13.0,33.333333333333336,top lane,"141,515",GOLD
Graves,49.59,-0.56,50.150000000000006,9.72,8.85,-5.0,8.928571428571427,jungle lane,"227,934",GOLD
Smolder,51.72,-0.31,52.03,9.59,5.55,17.0,-54.83870967741935,bottom lane,"225,031",GOLD
Rammus,53.04,0.34,52.699999999999996,3.04,6.86,10.0,29.41176470588235,jungle lane,"71,305",GOLD
Annie,51.29,0.06,51.23,2.58,0.92,3.0,50.0,middle lane,"60,544",GOLD
Ziggs,52.17,0.11,52.06,1.57,0.73,3.0,27.272727272727273,bottom lane,"36,938",GOLD
Morgana,51.73,0.76,50.97,8.64,27.34,20.0,26.31578947368421,support lane,"202,614",GOLD
Dr. Mundo,51.98,0.36,51.62,4.04,9.26,8.0,22.22222222222222,top lane,"94,648",GOLD
Poppy,50.39,0.12,50.27,1.52,1.22,0.0,0.0,support lane,"35,734",GOLD
Mordekaiser,52.12,0.4,51.72,8.53,15.90,21.0,52.5,top lane,"200,032",GOLD
Jhin,49.83,-0.12,49.949999999999996,18.01,3.77,-5.0,41.66666666666667,bottom lane,"422,460",GOLD
Hwei,50.72,-0.44,51.16,3.28,1.56,2.0,-4.545454545454546,middle lane,"76,952",GOLD
Evelynn,49.99,0.02,49.97,2.18,1.71,0.0,0.0,jungle lane,"51,033",GOLD
Maokai,51.33,0.19,51.14,2.39,0.34,3.0,15.789473684210526,support lane,"56,082",GOLD
Volibear,50.59,0.25,50.34,4.22,4.20,2.0,8.0,top lane,"98,906",GOLD
Lissandra,50.5,-0.6,51.1,4.05,2.13,2.0,-3.3333333333333335,middle lane,"95,097",GOLD
Vel'Koz,51.34,-0.13,51.470000000000006,3.27,1.69,4.0,-30.769230769230766,support lane,"76,646",GOLD
Kled,51.6,0.19,51.410000000000004,1.26,0.81,2.0,10.526315789473685,top lane,"29,503",GOLD
Nunu & Willump,49.76,0.44,49.32,1.96,0.51,-1.0,-2.272727272727273,jungle lane,"45,970",GOLD
Nautilus,49.87,0.2,49.669999999999995,10.09,13.69,-3.0,-15.0,support lane,"236,553",GOLD
Yunara,47.69,-0.1,47.79,5.43,2.56,-13.0,130.0,bottom lane,"127,472",GOLD
Draven,48.15,-0.06,48.21,3.73,8.74,-8.0,133.33333333333334,bottom lane,"87,387",GOLD
Wukong,50.31,-0.12,50.43,2.06,0.43,0.0,-0.0,jungle lane,"48,347",GOLD
Yasuo,49.73,0.41,49.32,10.78,21.44,-5.0,-12.195121951219512,middle lane,"252,904",GOLD
Braum,51.18,-0.14,51.32,4.21,3.99,5.0,-35.71428571428571,support lane,"98,630",GOLD
Sett,52.18,0.26,51.92,7.79,4.68,17.0,65.38461538461539,top lane,"182,616",GOLD
Olaf,50.45,-0.13,50.580000000000005,2.07,1.68,1.0,-7.692307692307692,top lane,"48,539",GOLD
Blitzcrank,50.13,0.42,49.71,5.26,14.06,0.0,0.0,support lane,"123,254",GOLD
Aphelios,48.7,-0.37,49.07,3.46,2.19,-5.0,13.513513513513514,bottom lane,"81,205",GOLD
Akali,49.5,0.3,49.2,7.55,17.51,-5.0,-16.666666666666668,middle lane,"177,057",GOLD
Tahm Kench,50.32,0.63,49.69,3.78,4.85,1.0,1.5873015873015872,support lane,"88,759",GOLD
Aatrox,49.13,-0.4,49.53,4.78,7.81,-5.0,12.5,top lane,"112,196",GOLD
Xayah,50.48,0.14,50.339999999999996,3.34,0.61,1.0,7.142857142857142,bottom lane,"78,282",GOLD
Urgot,51.6,0.04,51.56,2.94,1.50,5.0,125.0,top lane,"69,003",GOLD
Amumu,52.75,0.56,52.19,4.76,3.01,13.0,23.21428571428571,jungle lane,"111,618",GOLD
Ezreal,47.28,-0.29,47.57,15.51,6.23,-46.0,158.6206896551724,bottom lane,"363,699",GOLD
Rakan,49.5,0.04,49.46,2.21,0.27,-1.0,-25.0,support lane,"51,817",GOLD
Vex,51.62,0.34,51.279999999999994,3.87,4.38,6.0,17.64705882352941,middle lane,"90,749",GOLD
Fiddlesticks,50.48,0.0,50.48,2.39,0.98,1.0,1.0,jungle lane,"55,962",GOLD
Lulu,49.34,-0.37,49.71,6.60,5.68,-5.0,13.513513513513514,support lane,"154,681",GOLD
Teemo,51.94,0.79,51.15,5.73,13.00,12.0,15.189873417721518,top lane,"134,277",GOLD
Rek'Sai,47.81,-0.8,48.61,0.95,0.55,-2.0,2.5,jungle lane,"22,264",GOLD
Corki,47.23,-0.36,47.589999999999996,1.79,0.39,-5.0,13.88888888888889,bottom lane,"41,931",GOLD
Heimerdinger,50.83,0.71,50.12,1.89,4.15,1.0,1.4084507042253522,top lane,"44,275",GOLD
Swain,49.82,0.46,49.36,5.18,6.36,-1.0,-2.1739130434782608,support lane,"121,435",GOLD
Lucian,48.17,-0.35,48.52,6.85,2.15,-13.0,37.142857142857146,bottom lane,"160,640",GOLD
Kai'Sa,48.46,-0.11,48.57,12.46,2.05,-21.0,190.9090909090909,bottom lane,"292,344",GOLD
Illaoi,51.52,0.59,50.93,3.65,8.74,6.0,10.16949152542373,top lane,"85,506",GOLD
Sivir,50.11,-0.06,50.17,3.79,2.18,0.0,-0.0,bottom lane,"88,796",GOLD
Kassadin,49.38,-0.18,49.56,1.58,1.00,-1.0,5.555555555555555,middle lane,"36,989",GOLD
Sejuani,51.13,-0.15,51.28,2.29,0.26,2.0,-13.333333333333334,jungle lane,"53,755",GOLD
Vladimir,49.76,-0.24,50.0,2.75,3.05,-1.0,4.166666666666667,middle lane,"64,487",GOLD
Nasus,51.27,0.5,50.77,5.25,5.68,7.0,14.0,top lane,"123,076",GOLD
Bard,49.22,-0.78,50.0,2.93,0.84,-3.0,3.846153846153846,support lane,"68,820",GOLD
Karma,49.29,-0.63,49.92,5.63,4.35,-5.0,7.936507936507937,support lane,"132,145",GOLD
Hecarim,46.64,-0.35,46.99,1.96,0.79,-7.0,20.0,jungle lane,"46,022",GOLD
Zeri,49.84,-0.04,49.88,1.41,0.18,0.0,-0.0,bottom lane,"33,001",GOLD
Sylas,48.86,0.1,48.76,6.22,11.16,-9.0,-90.0,middle lane,"145,776",GOLD
Tristana,49.11,0.72,48.39,5.48,2.16,-5.0,-6.944444444444445,bottom lane,"128,621",GOLD
Talon,47.16,-0.04,47.199999999999996,2.40,1.34,-7.0,175.0,jungle lane,"56,369",GOLD
Bel'Veth,48.36,0.35,48.01,1.22,1.00,-2.0,-5.714285714285714,jungle lane,"28,522",GOLD
Kalista,46.84,-0.14,46.980000000000004,1.23,0.31,-4.0,28.57142857142857,bottom lane,"28,784",GOLD
Pantheon,48.88,0.3,48.580000000000005,4.08,2.42,-5.0,-16.666666666666668,support lane,"95,729",GOLD
Zac,49.61,-0.33,49.94,2.00,0.71,-1.0,3.0303030303030303,jungle lane,"46,932",GOLD
Akshan,49.76,0.12,49.64,2.00,1.45,-1.0,-8.333333333333334,middle lane,"46,852",GOLD
Twisted Fate,49.08,-0.39,49.47,3.06,0.42,-3.0,7.692307692307692,middle lane,"71,745",GOLD
Varus,46.51,0.2,46.309999999999995,3.62,2.26,-13.0,-65.0,bottom lane,"84,864",GOLD
Kindred,47.74,0.05,47.690000000000005,2.24,0.73,-5.0,-100.0,jungle lane,"52,493",GOLD
Quinn,49.81,0.7,49.11,1.47,1.30,0.0,0.0,top lane,"34,508",GOLD
Renata Glasc,50.89,-0.27,51.160000000000004,0.81,0.16,1.0,-3.7037037037037033,support lane,"18,892",GOLD
Elise,48.95,-0.59,49.540000000000006,1.36,0.60,-2.0,3.3898305084745766,jungle lane,"31,981",GOLD
Lee Sin,48.2,-0.19,48.39,10.08,10.95,-21.0,110.52631578947368,jungle lane,"236,489",GOLD
Alistar,48.71,-0.29,49.0,2.96,1.17,-4.0,13.793103448275863,support lane,"69,388",GOLD
Riven,47.31,0.08,47.230000000000004,2.42,0.81,-7.0,-87.5,top lane,"56,650",GOLD
Qiyana,46.85,0.19,46.660000000000004,1.35,0.44,-4.0,-21.05263157894737,middle lane,"31,677",GOLD
Tryndamere,50.07,0.41,49.660000000000004,3.79,2.76,0.0,0.0,top lane,"88,843",GOLD
Neeko,48.38,0.64,47.74,2.31,1.28,-4.0,-6.25,support lane,"54,204",GOLD
Syndra,49.67,-0.49,50.160000000000004,3.70,2.27,-2.0,4.081632653061225,middle lane,"86,807",GOLD
Karthus,48.13,0.13,48.0,1.23,0.32,-2.0,-15.384615384615383,jungle lane,"28,891",GOLD
Fiora,48.58,0.28,48.3,2.91,2.64,-5.0,-17.857142857142854,top lane,"68,148",GOLD
Ivern,48.39,0.35,48.04,0.76,0.22,-1.0,-2.857142857142857,jungle lane,"17,711",GOLD
Pyke,48.01,-0.06,48.07,5.54,13.64,-13.0,216.66666666666669,support lane,"129,992",GOLD
Nidalee,45.03,0.14,44.89,1.21,0.35,-6.0,-42.857142857142854,jungle lane,"28,429",GOLD
Rengar,44.37,-0.27,44.64,2.78,1.97,-16.0,59.25925925925925,jungle lane,"65,269",GOLD
Darius,48.38,0.25,48.13,8.94,17.92,-19.0,-76.0,top lane,"209,678",GOLD
Senna,49.06,0.26,48.800000000000004,4.53,1.21,-5.0,-19.23076923076923,support lane,"106,174",GOLD
Kha'Zix,47.29,-0.35,47.64,4.27,2.48,-12.0,34.285714285714285,jungle lane,"100,047",GOLD
LeBlanc,49.05,-0.18,49.23,4.22,12.59,-5.0,27.77777777777778,middle lane,"98,871",GOLD
Cho'Gath,49.76,0.28,49.48,2.99,1.10,-1.0,-3.571428571428571,top lane,"70,085",GOLD
Jax,49.55,0.18,49.37,5.52,9.43,-3.0,-16.666666666666668,top lane,"129,362",GOLD
Udyr,49.33,0.22,49.11,1.50,0.59,-1.0,-4.545454545454546,jungle lane,"35,198",GOLD
Zed,48.32,0.11,48.21,7.37,22.43,-17.0,-154.54545454545453,middle lane,"172,857",GOLD
Yuumi,49.12,0.08,49.04,4.46,3.73,-4.0,-50.0,support lane,"104,553",GOLD
Shaco,48.6,0.1,48.5,5.95,29.30,-13.0,-130.0,jungle lane,"139,619",GOLD
Zaahen,49.33,0.14,49.19,2.34,4.66,-2.0,-14.285714285714285,top lane,"54,792",GOLD
Jayce,46.81,-0.58,47.39,2.49,1.75,-8.0,13.793103448275863,top lane,"58,373",GOLD
Vi,49.86,-0.05,49.91,4.91,1.16,-1.0,20.0,jungle lane,"115,191",GOLD
Katarina,48.81,-0.03,48.84,5.86,7.39,-8.0,266.6666666666667,middle lane,"137,350",GOLD
Aurora,48.71,-0.16,48.87,2.80,2.10,-4.0,25.0,middle lane,"65,762",GOLD
Zoe,48.04,0.09,47.949999999999996,2.88,2.72,-6.0,-66.66666666666667,middle lane,"67,585",GOLD
Skarner,47.64,0.02,47.62,0.61,0.17,-1.0,-50.0,jungle lane,"14,341",GOLD
Gangplank,49.34,-0.45,49.790000000000006,3.34,2.51,-3.0,6.666666666666666,top lane,"78,426",GOLD
Yone,49.5,0.61,48.89,7.26,7.17,-5.0,-8.19672131147541,middle lane,"170,290",GOLD
Kennen,48.91,0.05,48.86,1.67,1.26,-2.0,-40.0,top lane,"39,282",GOLD
K'Sante,44.77,-0.28,45.050000000000004,2.29,1.41,-12.0,42.857142857142854,top lane,"53,709",GOLD
Rumble,47.73,-0.05,47.779999999999994,1.85,0.70,-4.0,80.0,top lane,"43,407",GOLD
Galio,49.58,0.13,49.449999999999996,3.31,1.57,-2.0,-15.384615384615383,middle lane,"77,535",GOLD
Renekton,49.8,-0.22,50.019999999999996,4.92,2.88,-1.0,4.545454545454546,top lane,"115,442",GOLD
Cassiopeia,48.72,0.73,47.99,1.10,0.87,-2.0,-2.73972602739726,middle lane,"25,697",GOLD
Gwen,48.01,0.43,47.58,2.33,2.56,-5.0,-11.627906976744185,top lane,"54,696",GOLD
Orianna,47.06,-0.21,47.27,3.18,0.57,-10.0,47.61904761904762,middle lane,"74,472",GOLD
Taliyah,45.6,-0.67,46.27,0.75,0.14,-3.0,4.477611940298507,middle lane,"17,606",GOLD
Ryze,46.79,-0.12,46.91,2.50,0.58,-8.0,66.66666666666667,middle lane,"58,597",GOLD
Trundle,49.3,0.62,48.68,2.06,0.71,-2.0,-3.2258064516129035,top lane,"48,258",GOLD
Gnar,48.12,-0.2,48.32,3.12,0.96,-6.0,30.0,top lane,"73,139",GOLD
Camille,48.0,-0.12,48.12,1.66,0.57,-3.0,25.0,top lane,"38,904",GOLD
Azir,44.91,-0.54,45.449999999999996,1.97,0.38,-10.0,18.51851851851852,middle lane,"46,207",GOLD
Mel,46.92,0.31,46.61,6.27,41.06,-34.0,-109.6774193548387,middle lane,"146,979",GOLD
Gragas,46.5,-0.21,46.71,1.36,0.35,-5.0,23.80952380952381,top lane,"31,939",GOLD
Jinx,50.24,-0.74,50.980000000000004,14.86,6.30,17.0,-22.972972972972972,bottom lane,"274,744",SILVER
Xerath,50.9,-1.11,52.01,4.73,11.37,9.0,-8.108108108108107,middle lane,"87,571",SILVER
Shyvana,52.6,-1.07,53.67,6.66,8.50,25.0,-23.36448598130841,jungle lane,"123,138",SILVER
Kayle,51.4,-0.89,52.29,3.83,3.14,9.0,-10.112359550561798,top lane,"70,810",SILVER
Sona,51.78,-0.76,52.54,3.40,0.34,9.0,-11.842105263157894,support lane,"62,908",SILVER
Veigar,52.22,-0.38,52.6,9.04,5.66,29.0,-76.3157894736842,middle lane,"167,211",SILVER
Naafiri,49.75,-1.33,51.08,4.64,15.62,3.0,-2.255639097744361,jungle lane,"85,814",SILVER
Garen,51.68,-0.75,52.43,11.82,11.76,34.0,-45.333333333333336,top lane,"218,656",SILVER
Aurelion Sol,51.38,-0.98,52.36,2.88,1.37,7.0,-7.142857142857143,middle lane,"53,245",SILVER
Nami,50.44,-1.54,51.98,6.55,1.77,9.0,-5.844155844155844,support lane,"121,205",SILVER
Brand,51.78,-0.78,52.56,5.80,7.65,17.0,-21.794871794871796,support lane,"107,267",SILVER
Sion,50.95,-1.34,52.290000000000006,3.63,1.35,7.0,-5.223880597014925,top lane,"67,171",SILVER
Soraka,50.44,-1.47,51.91,4.13,2.26,5.0,-3.4013605442176873,support lane,"76,364",SILVER
Nocturne,51.03,-1.24,52.27,9.82,15.02,22.0,-17.741935483870968,jungle lane,"181,592",SILVER
Viktor,50.39,-1.9,52.29,3.71,2.03,5.0,-2.6315789473684212,middle lane,"68,685",SILVER
Singed,51.23,-0.99,52.22,1.86,0.84,4.0,-4.040404040404041,top lane,"34,435",SILVER
Milio,51.18,-1.59,52.77,3.63,2.13,8.0,-5.031446540880503,support lane,"67,155",SILVER
Xin Zhao,49.9,-0.48,50.379999999999995,4.63,1.39,4.0,-8.333333333333334,jungle lane,"85,646",SILVER
Taric,51.48,-1.38,52.86,1.24,0.40,3.0,-2.173913043478261,support lane,"22,988",SILVER
Zilean,50.45,-1.59,52.040000000000006,1.45,0.45,2.0,-1.2578616352201257,support lane,"26,893",SILVER
Nilah,51.85,-1.04,52.89,1.41,2.23,4.0,-3.846153846153846,bottom lane,"26,089",SILVER
Miss Fortune,51.41,-0.23,51.63999999999999,20.65,9.26,51.0,-221.7391304347826,bottom lane,"381,950",SILVER
Zyra,51.15,-1.13,52.28,4.78,4.73,10.0,-8.849557522123895,support lane,"88,418",SILVER
Briar,52.93,-0.82,53.75,6.82,16.77,31.0,-37.80487804878049,jungle lane,"126,046",SILVER
Seraphine,50.9,-0.02,50.92,10.20,3.70,19.0,-950.0,support lane,"188,584",SILVER
Ambessa,48.33,-1.62,49.949999999999996,2.22,4.07,-2.0,1.2345679012345678,jungle lane,"41,031",SILVER
Malzahar,51.83,-1.28,53.11,9.65,19.38,32.0,-25.0,middle lane,"178,436",SILVER
Ornn,50.18,-1.0,51.18,3.27,0.75,3.0,-3.0,top lane,"60,387",SILVER
Rell,50.15,-0.75,50.9,2.47,0.82,2.0,-2.6666666666666665,support lane,"45,736",SILVER
Janna,49.71,-1.15,50.86,1.22,0.17,1.0,-0.8695652173913044,support lane,"22,572",SILVER
Yorick,51.79,-0.79,52.58,6.72,15.51,21.0,-26.582278481012658,top lane,"124,248",SILVER
Kog'Maw,51.31,-1.3,52.61,1.41,0.44,3.0,-2.3076923076923075,bottom lane,"26,008",SILVER
Jarvan IV,48.98,-1.4,50.379999999999995,3.75,0.72,-1.0,0.7142857142857143,jungle lane,"69,396",SILVER
Lux,50.2,-0.28,50.480000000000004,16.37,19.04,21.0,-74.99999999999999,support lane,"302,790",SILVER
Samira,50.14,-0.78,50.92,6.56,14.09,8.0,-10.256410256410255,bottom lane,"121,317",SILVER
Ashe,49.86,-0.69,50.55,14.74,7.03,11.0,-15.942028985507248,bottom lane,"272,545",SILVER
Malphite,50.46,-0.77,51.230000000000004,6.85,14.89,11.0,-14.285714285714285,top lane,"126,633",SILVER
Poppy,50.04,-1.22,51.26,1.46,0.88,1.0,-0.819672131147541,support lane,"27,047",SILVER
Twitch,49.98,-0.98,50.959999999999994,4.95,8.22,4.0,-4.081632653061225,bottom lane,"91,558",SILVER
Mordekaiser,51.37,-0.19,51.559999999999995,9.84,17.67,27.0,-142.10526315789474,top lane,"181,985",SILVER
Lillia,50.42,-1.48,51.9,3.53,2.28,5.0,-3.3783783783783785,jungle lane,"65,283",SILVER
Dr. Mundo,51.01,-0.63,51.64,4.43,9.90,9.0,-14.285714285714286,top lane,"82,011",SILVER
Irelia,49.41,-0.57,49.98,3.74,10.39,1.0,-1.7543859649122808,top lane,"69,229",SILVER
Leona,50.27,-0.97,51.24,8.93,10.67,11.0,-11.34020618556701,support lane,"165,129",SILVER
Ziggs,51.37,-0.42,51.79,1.68,0.92,4.0,-9.523809523809524,bottom lane,"31,114",SILVER
Viego,49.2,-0.96,50.160000000000004,10.26,10.73,1.0,-1.0416666666666667,jungle lane,"189,753",SILVER
Warwick,50.17,0.09,50.08,6.58,6.45,7.0,77.77777777777779,jungle lane,"121,658",SILVER
Morgana,51.1,-0.36,51.46,10.74,27.38,29.0,-80.55555555555556,support lane,"198,565",SILVER
Volibear,50.01,-0.84,50.85,4.28,4.45,4.0,-4.761904761904762,top lane,"79,158",SILVER
Diana,50.33,-0.71,51.04,4.82,6.21,6.0,-8.450704225352114,middle lane,"89,193",SILVER
Maokai,50.58,-0.62,51.199999999999996,2.57,0.40,4.0,-6.451612903225807,support lane,"47,595",SILVER
Smolder,50.76,-1.5,52.26,7.89,4.29,13.0,-8.666666666666666,bottom lane,"145,958",SILVER
Fizz,50.41,-1.06,51.47,6.52,11.85,9.0,-8.49056603773585,middle lane,"120,611",SILVER
Vel'Koz,50.55,-0.66,51.209999999999994,3.29,1.72,5.0,-7.575757575757575,support lane,"60,924",SILVER
Ahri,49.15,-0.68,49.83,10.20,5.31,0.0,-0.0,middle lane,"188,573",SILVER
Graves,48.47,-1.92,50.39,7.43,5.89,-5.0,2.604166666666667,jungle lane,"137,369",SILVER
Thresh,48.59,-1.28,49.870000000000005,9.05,3.66,-5.0,3.90625,support lane,"167,377",SILVER
Caitlyn,49.36,-0.94,50.3,23.08,31.73,7.0,-7.446808510638299,bottom lane,"426,861",SILVER
Shen,48.89,-1.49,50.38,3.06,1.55,-1.0,0.6711409395973155,top lane,"56,650",SILVER
Nautilus,48.92,-0.89,49.81,10.42,12.71,-3.0,3.3707865168539324,support lane,"192,792",SILVER
Ekko,49.7,-0.87,50.57,3.42,2.11,2.0,-2.2988505747126435,middle lane,"63,340",SILVER
Rammus,51.99,-0.91,52.9,3.32,6.87,10.0,-10.989010989010989,jungle lane,"61,335",SILVER
Heimerdinger,50.78,0.08,50.7,2.49,6.43,4.0,50.0,top lane,"45,963",SILVER
Jhin,48.98,-1.11,50.089999999999996,16.74,4.75,-3.0,2.7027027027027026,bottom lane,"309,509",SILVER
Yasuo,49.5,-0.64,50.14,12.02,22.27,5.0,-7.8125,middle lane,"222,286",SILVER
Yunara,46.85,-0.86,47.71,5.16,2.44,-12.0,13.953488372093023,bottom lane,"95,406",SILVER
Master Yi,49.71,-0.22,49.93,11.81,22.02,8.0,-36.36363636363637,jungle lane,"218,364",SILVER
Swain,49.44,-0.82,50.26,5.75,7.50,2.0,-2.4390243902439024,support lane,"106,384",SILVER
Sett,51.62,-0.25,51.87,8.70,5.48,23.0,-92.0,top lane,"160,847",SILVER
Urgot,50.74,-0.77,51.510000000000005,3.13,1.84,5.0,-6.4935064935064934,top lane,"57,817",SILVER
Kayn,49.43,-0.83,50.26,9.12,6.13,3.0,-3.6144578313253013,jungle lane,"168,625",SILVER
Aphelios,48.07,-1.17,49.24,3.06,2.03,-3.0,2.5641025641025643,bottom lane,"56,556",SILVER
Hwei,50.01,-1.54,51.55,2.77,1.28,2.0,-1.2987012987012987,middle lane,"51,270",SILVER
Draven,47.04,-0.96,48.0,3.27,7.62,-7.0,7.291666666666667,bottom lane,"60,459",SILVER
Rek'Sai,45.88,-1.27,47.150000000000006,0.75,0.44,-2.0,1.574803149606299,jungle lane,"13,898",SILVER
Vayne,49.19,-1.26,50.449999999999996,6.99,11.37,0.0,-0.0,bottom lane,"129,335",SILVER
Amumu,52.14,-0.74,52.88,5.56,3.46,17.0,-22.972972972972972,jungle lane,"102,752",SILVER
Rakan,48.34,-1.1,49.440000000000005,2.07,0.29,-2.0,1.8181818181818181,support lane,"38,252",SILVER
Ezreal,46.22,-1.23,47.449999999999996,13.43,5.73,-42.0,34.146341463414636,bottom lane,"248,384",SILVER
Illaoi,50.9,-0.54,51.44,4.41,11.51,9.0,-16.666666666666664,top lane,"81,521",SILVER
Teemo,51.0,-0.34,51.34,7.13,17.50,16.0,-47.05882352941176,top lane,"131,806",SILVER
Kai'Sa,47.44,-1.33,48.769999999999996,11.01,2.08,-19.0,14.285714285714285,bottom lane,"203,612",SILVER
Kled,49.86,-1.12,50.98,1.21,0.78,1.0,-0.8928571428571428,top lane,"22,303",SILVER
Nunu & Willump,48.47,-0.69,49.16,2.09,0.52,-1.0,1.4492753623188408,jungle lane,"38,669",SILVER
Kassadin,48.76,-0.86,49.62,1.38,0.73,-1.0,1.1627906976744187,middle lane,"25,506",SILVER
Lulu,47.7,-1.84,49.540000000000006,4.79,3.52,-7.0,3.8043478260869565,support lane,"88,669",SILVER
Olaf,49.87,-0.11,49.98,2.16,1.55,2.0,-18.181818181818183,top lane,"39,964",SILVER
Corki,45.21,-1.8,47.01,1.38,0.34,-5.0,2.7777777777777777,bottom lane,"25,534",SILVER
Kindred,47.09,-0.46,47.550000000000004,2.37,0.65,-5.0,10.869565217391305,jungle lane,"43,846",SILVER
Wukong,49.27,-0.88,50.150000000000006,2.06,0.45,0.0,-0.0,jungle lane,"38,155",SILVER
Akali,48.17,-0.6,48.77,8.23,16.75,-10.0,16.666666666666668,middle lane,"152,233",SILVER
Hecarim,44.93,-0.74,45.67,1.70,0.63,-7.0,9.45945945945946,jungle lane,"31,454",SILVER
Lucian,46.34,-1.23,47.57,5.76,1.77,-16.0,13.008130081300813,bottom lane,"106,578",SILVER
Elise,47.73,-1.49,49.22,0.99,0.42,-1.0,0.6711409395973155,jungle lane,"18,348",SILVER
Pantheon,48.03,-0.44,48.47,4.58,2.58,-5.0,11.363636363636363,support lane,"84,767",SILVER
Aatrox,47.6,-0.85,48.45,4.18,6.87,-7.0,8.23529411764706,top lane,"77,231",SILVER
Xayah,48.92,-1.08,50.0,3.11,0.60,-1.0,0.9259259259259258,bottom lane,"57,440",SILVER
Sylas,47.74,-0.71,48.45,6.31,10.50,-10.0,14.084507042253522,middle lane,"116,681",SILVER
Sivir,48.44,-1.37,49.809999999999995,3.32,1.81,-2.0,1.4598540145985401,bottom lane,"61,314",SILVER
Bel'Veth,46.85,-1.14,47.99,1.14,0.82,-3.0,2.6315789473684212,jungle lane,"21,054",SILVER
Karthus,47.75,-1.31,49.06,1.16,0.27,-2.0,1.5267175572519083,jungle lane,"21,514",SILVER
Zeri,48.32,-1.18,49.5,1.19,0.18,-1.0,0.8474576271186441,bottom lane,"21,935",SILVER
Bard,47.83,-1.31,49.14,2.14,0.66,-3.0,2.2900763358778624,support lane,"39,569",SILVER
Kalista,45.44,-0.4,45.839999999999996,1.16,0.38,-4.0,10.0,bottom lane,"21,483",SILVER
Tristana,47.96,-0.21,48.17,6.61,3.14,-8.0,38.095238095238095,bottom lane,"122,328",SILVER
Karma,47.94,-1.81,49.75,4.14,2.72,-5.0,2.7624309392265194,support lane,"76,602",SILVER
Sejuani,49.8,-1.18,50.98,2.17,0.26,1.0,-0.8474576271186441,jungle lane,"40,172",SILVER
Anivia,49.06,-1.5,50.56,2.09,1.53,0.0,-0.0,middle lane,"38,634",SILVER
Nasus,50.13,-0.66,50.79,5.78,5.37,6.0,-9.09090909090909,top lane,"106,974",SILVER
Varus,45.76,-0.64,46.4,3.75,2.05,-13.0,20.3125,bottom lane,"69,316",SILVER
Evelynn,48.04,-0.46,48.5,2.16,1.46,-2.0,4.3478260869565215,jungle lane,"40,025",SILVER
Talon,46.28,-0.59,46.870000000000005,2.41,1.08,-7.0,11.864406779661017,middle lane,"44,484",SILVER
Alistar,47.66,-0.93,48.589999999999996,2.51,1.01,-4.0,4.301075268817204,support lane,"46,471",SILVER
Jax,48.88,-0.75,49.63,5.45,9.16,-2.0,2.6666666666666665,top lane,"100,860",SILVER
Lee Sin,46.37,-1.33,47.699999999999996,8.74,9.58,-27.0,20.30075187969925,jungle lane,"161,672",SILVER
Qiyana,44.87,-0.92,45.79,1.19,0.32,-5.0,5.434782608695652,middle lane,"22,055",SILVER
Neeko,47.79,-0.24,48.03,2.87,1.57,-4.0,16.666666666666668,support lane,"53,095",SILVER
Twisted Fate,47.49,-1.65,49.14,2.40,0.30,-4.0,2.4242424242424243,middle lane,"44,386",SILVER
Fiddlesticks,48.92,-0.87,49.79,2.15,0.78,0.0,-0.0,jungle lane,"39,840",SILVER
Vladimir,47.99,-1.36,49.35,2.30,2.68,-3.0,2.205882352941176,middle lane,"42,567",SILVER
Zac,47.46,-1.53,48.99,1.79,0.55,-3.0,1.9607843137254901,jungle lane,"33,124",SILVER
Darius,47.05,-0.6,47.65,9.38,18.26,-24.0,40.0,top lane,"173,396",SILVER
Akshan,48.25,-1.04,49.29,1.82,1.34,-2.0,1.923076923076923,middle lane,"33,695",SILVER
Fiora,47.2,-1.21,48.410000000000004,2.70,2.16,-5.0,4.132231404958678,top lane,"49,864",SILVER
Tahm Kench,49.13,-0.77,49.900000000000006,4.36,5.72,0.0,-0.0,support lane,"80,711",SILVER
Vex,50.04,-0.32,50.36,4.35,4.64,4.0,-12.5,middle lane,"80,361",SILVER
Lissandra,49.04,-1.55,50.589999999999996,3.09,1.65,0.0,-0.0,middle lane,"57,120",SILVER
Pyke,47.29,-0.56,47.85,5.78,13.82,-12.0,21.428571428571427,support lane,"106,917",SILVER
Jayce,45.5,-1.3,46.8,1.91,1.24,-7.0,5.384615384615384,top lane,"35,263",SILVER
Annie,49.2,-0.9,50.1,2.41,0.96,0.0,-0.0,middle lane,"44,489",SILVER
Riven,45.13,-1.2,46.330000000000005,2.10,0.61,-8.0,6.666666666666667,top lane,"38,793",SILVER
Blitzcrank,49.06,-0.33,49.39,5.92,14.96,-1.0,3.0303030303030303,support lane,"109,487",SILVER
Kha'Zix,46.04,-0.61,46.65,3.77,2.07,-12.0,19.672131147540984,jungle lane,"69,755",SILVER
Rengar,42.94,-0.92,43.86,2.49,1.40,-16.0,17.391304347826086,jungle lane,"45,963",SILVER
Braum,49.48,-1.19,50.669999999999995,3.66,2.73,1.0,-0.8403361344537815,support lane,"67,630",SILVER
Nidalee,42.71,-1.13,43.84,1.02,0.29,-7.0,6.194690265486726,jungle lane,"18,847",SILVER
Udyr,47.79,-1.17,48.96,1.39,0.50,-2.0,1.7094017094017095,jungle lane,"25,743",SILVER
Zaahen,47.66,-0.92,48.58,2.23,3.87,-3.0,3.260869565217391,top lane,"41,203",SILVER
Cho'Gath,48.79,-0.49,49.28,3.21,1.30,-1.0,2.0408163265306123,top lane,"59,302",SILVER
Ivern,46.1,-1.41,47.51,0.66,0.21,-2.0,1.4184397163120568,jungle lane,"12,281",SILVER
Yone,49.56,-0.38,49.940000000000005,8.65,8.16,4.0,-10.526315789473685,middle lane,"159,972",SILVER
Renata Glasc,49.39,-0.97,50.36,0.68,0.17,0.0,-0.0,support lane,"12,550",SILVER
Shaco,47.43,-0.83,48.26,6.23,31.36,-16.0,19.27710843373494,jungle lane,"115,134",SILVER
Syndra,48.53,-1.47,50.0,2.92,1.93,-2.0,1.3605442176870748,middle lane,"53,994",SILVER
Quinn,47.77,-1.05,48.82,1.61,1.38,-2.0,1.9047619047619047,top lane,"29,833",SILVER
Zed,46.79,-0.79,47.58,7.05,20.57,-21.0,26.582278481012658,middle lane,"130,376",SILVER
LeBlanc,47.79,-1.24,49.03,3.93,11.48,-6.0,4.838709677419355,middle lane,"72,675",SILVER
Skarner,46.29,-1.15,47.44,0.61,0.16,-2.0,1.7391304347826089,jungle lane,"11,351",SILVER
Yuumi,47.58,-0.51,48.089999999999996,4.27,2.95,-7.0,13.72549019607843,support lane,"79,031",SILVER
Senna,47.42,-1.03,48.45,4.56,1.16,-8.0,7.766990291262136,support lane,"84,254",SILVER
Rumble,46.53,-0.98,47.51,1.69,0.59,-4.0,4.081632653061225,top lane,"31,219",SILVER
Zoe,46.79,-0.66,47.449999999999996,2.76,2.48,-7.0,10.606060606060606,middle lane,"51,106",SILVER
Vi,48.6,-1.12,49.72,4.68,0.98,-3.0,2.6785714285714284,jungle lane,"86,583",SILVER
Aurora,47.6,-0.94,48.54,2.63,1.86,-4.0,4.25531914893617,middle lane,"48,638",SILVER
K'Sante,43.23,-1.1,44.33,2.04,1.19,-12.0,10.909090909090908,top lane,"37,792",SILVER
Gangplank,47.21,-1.62,48.83,2.53,1.82,-5.0,3.0864197530864197,top lane,"46,761",SILVER
Katarina,47.3,-1.28,48.58,5.25,6.45,-10.0,7.8125,middle lane,"97,178",SILVER
Trundle,48.98,-0.75,49.73,2.47,0.93,0.0,-0.0,top lane,"45,648",SILVER
Gwen,47.02,-0.57,47.59,2.42,2.19,-5.0,8.771929824561404,top lane,"44,716",SILVER
Kennen,47.39,-0.59,47.980000000000004,1.56,1.11,-3.0,5.084745762711865,top lane,"28,909",SILVER
Galio,49.11,-0.91,50.019999999999996,3.44,1.73,0.0,-0.0,middle lane,"63,709",SILVER
Renekton,49.2,-0.91,50.11,4.68,2.65,0.0,-0.0,top lane,"86,561",SILVER
Orianna,46.25,-1.27,47.52,2.74,0.57,-8.0,6.299212598425196,middle lane,"50,644",SILVER
Ryze,45.83,-1.44,47.269999999999996,2.21,0.51,-7.0,4.861111111111112,middle lane,"40,787",SILVER
Tryndamere,49.23,-0.86,50.089999999999996,4.11,3.30,0.0,-0.0,top lane,"76,043",SILVER
Cassiopeia,46.78,-1.41,48.19,1.09,0.79,-3.0,2.127659574468085,middle lane,"20,187",SILVER
Taliyah,43.78,-1.06,44.84,0.69,0.11,-4.0,3.773584905660377,middle lane,"12,801",SILVER
Gnar,46.87,-0.9,47.769999999999996,2.70,0.80,-6.0,6.666666666666666,top lane,"49,897",SILVER
Camille,45.39,-1.17,46.56,1.29,0.48,-5.0,4.273504273504273,top lane,"23,876",SILVER
Azir,43.9,-1.08,44.98,1.72,0.44,-9.0,8.333333333333332,middle lane,"31,877",SILVER
Mel,46.57,-0.58,47.15,7.04,43.11,-32.0,55.17241379310345,middle lane,"130,122",SILVER
Gragas,44.29,-1.24,45.53,1.11,0.26,-5.0,4.032258064516129,top lane,"20,510",SILVER
Veigar,50.8,-2.68,53.48,9.91,7.21,33.0,-12.313432835820894,middle lane,"102,485",BRONZE
Singed,51.19,-2.54,53.73,1.66,0.90,6.0,-2.3622047244094486,top lane,"17,194",BRONZE
Shyvana,51.97,-2.54,54.51,6.53,7.47,30.0,-11.811023622047244,jungle lane,"67,513",BRONZE
Sion,50.21,-2.82,53.03,2.97,1.28,7.0,-2.4822695035460995,top lane,"30,713",BRONZE
Taric,50.86,-2.65,53.51,1.17,0.39,4.0,-1.509433962264151,support lane,"12,059",BRONZE
Malzahar,50.48,-3.0,53.48,8.11,18.89,28.0,-9.333333333333334,middle lane,"83,899",BRONZE
Ambessa,47.05,-1.73,48.779999999999994,1.83,3.01,-1.0,0.5780346820809249,jungle lane,"18,908",BRONZE
Brand,50.1,-2.78,52.88,5.83,8.00,15.0,-5.39568345323741,support lane,"60,233",BRONZE
Briar,51.57,-2.34,53.91,7.33,16.81,34.0,-14.529914529914532,jungle lane,"75,838",BRONZE
Sona,49.93,-1.63,51.56,3.68,0.39,8.0,-4.9079754601226995,support lane,"38,054",BRONZE
Nilah,50.46,-2.04,52.5,1.37,1.88,4.0,-1.9607843137254901,bottom lane,"14,186",BRONZE
Naafiri,48.96,-1.89,50.85,4.29,13.88,6.0,-3.174603174603175,middle lane,"44,354",BRONZE
Miss Fortune,50.13,-2.01,52.14,25.21,12.80,70.0,-34.82587064676617,bottom lane,"260,650",BRONZE
Aurelion Sol,49.82,-2.69,52.51,2.68,1.42,6.0,-2.2304832713754648,middle lane,"27,711",BRONZE
Jax,49.67,-2.04,51.71,6.84,9.36,15.0,-7.352941176470588,jungle lane,"70,680",BRONZE
Yorick,51.03,-3.15,54.18,6.65,16.29,26.0,-8.253968253968255,top lane,"68,780",BRONZE
Viktor,49.28,-2.68,51.96,2.63,1.53,4.0,-1.4925373134328357,middle lane,"27,211",BRONZE
Xerath,49.22,-1.78,51.0,4.54,11.01,8.0,-4.49438202247191,middle lane,"46,969",BRONZE
Jarvan IV,47.62,-3.52,51.14,2.90,0.62,-0.0,0.0,jungle lane,"29,981",BRONZE
Jinx,48.19,-2.61,50.8,14.84,6.98,7.0,-2.681992337164751,bottom lane,"153,422",BRONZE
Graves,47.51,-2.47,49.98,5.05,4.00,-1.0,0.4048582995951417,jungle lane,"52,198",BRONZE
Kayle,49.39,-2.07,51.46,3.82,2.94,7.0,-3.381642512077295,top lane,"39,535",BRONZE
Zyra,49.94,-2.54,52.48,4.59,4.21,11.0,-4.330708661417323,support lane,"47,412",BRONZE
Xin Zhao,48.77,-2.41,51.18000000000001,5.21,1.33,6.0,-2.4896265560165975,jungle lane,"53,879",BRONZE
Irelia,49.13,-2.12,51.25,3.36,9.04,5.0,-2.3584905660377355,middle lane,"34,698",BRONZE
Kog'Maw,49.55,-1.84,51.39,1.32,0.48,2.0,-1.0869565217391304,bottom lane,"13,675",BRONZE
Milio,49.73,-1.83,51.559999999999995,2.77,1.26,6.0,-3.278688524590164,support lane,"28,685",BRONZE
Yasuo,48.21,-2.67,50.88,12.54,22.45,8.0,-2.9962546816479403,middle lane,"129,709",BRONZE
Nami,49.14,-2.21,51.35,5.21,1.29,7.0,-3.167420814479638,support lane,"53,917",BRONZE
Ashe,48.17,-2.18,50.35,15.47,7.75,8.0,-3.6697247706422016,bottom lane,"159,948",BRONZE
Shen,47.07,-3.04,50.11,2.28,1.20,-2.0,0.6578947368421053,top lane,"23,585",BRONZE
Ahri,47.28,-2.02,49.300000000000004,10.83,5.68,-5.0,2.4752475247524752,middle lane,"112,023",BRONZE
Viego,48.04,-2.21,50.25,10.24,10.19,4.0,-1.8099547511312217,jungle lane,"105,856",BRONZE
Dr. Mundo,49.91,-2.4,52.309999999999995,4.77,10.37,12.0,-5.0,top lane,"49,281",BRONZE
Rek'Sai,43.93,-1.55,45.48,0.63,0.40,-2.0,1.2903225806451613,jungle lane,"6,481",BRONZE
Rammus,51.43,-2.84,54.269999999999996,3.16,6.38,13.0,-4.577464788732395,jungle lane,"32,720",BRONZE
Sett,50.48,-2.16,52.64,10.15,6.24,30.0,-13.888888888888888,top lane,"104,942",BRONZE
Twitch,47.78,-2.87,50.65,4.63,9.30,0.0,-0.0,bottom lane,"47,849",BRONZE
Illaoi,50.09,-1.95,52.040000000000006,5.42,14.48,15.0,-7.6923076923076925,top lane,"56,000",BRONZE
Caitlyn,47.84,-2.82,50.660000000000004,21.97,32.04,4.0,-1.4184397163120568,bottom lane,"227,158",BRONZE
Volibear,49.33,-2.14,51.47,4.99,4.64,8.0,-3.7383177570093458,jungle lane,"51,567",BRONZE
Rell,49.36,-3.31,52.67,2.41,0.81,4.0,-1.2084592145015105,support lane,"24,961",BRONZE
Yunara,46.04,-2.26,48.3,5.27,2.28,-9.0,3.9823008849557526,bottom lane,"54,526",BRONZE
Karthus,47.55,-2.37,49.919999999999995,1.05,0.26,0.0,-0.0,jungle lane,"10,861",BRONZE
Ekko,48.11,-2.69,50.8,3.54,2.32,1.0,-0.3717472118959108,middle lane,"36,561",BRONZE
Zilean,48.31,-2.28,50.59,1.17,0.36,1.0,-0.4385964912280702,support lane,"12,128",BRONZE
Garen,49.48,-2.24,51.72,11.76,10.99,23.0,-10.267857142857142,top lane,"121,640",BRONZE
Bel'Veth,46.03,-2.18,48.21,1.07,0.76,-2.0,0.9174311926605504,jungle lane,"11,059",BRONZE
Soraka,48.98,-2.07,51.05,3.42,1.78,4.0,-1.9323671497584543,support lane,"35,340",BRONZE
Aphelios,46.96,-2.27,49.230000000000004,2.83,1.98,-2.0,0.8810572687224669,bottom lane,"29,224",BRONZE
Samira,48.39,-2.58,50.97,6.34,14.70,5.0,-1.937984496124031,bottom lane,"65,562",BRONZE
Draven,45.18,-2.62,47.8,2.70,6.66,-7.0,2.6717557251908395,bottom lane,"27,907",BRONZE
Ornn,48.6,-2.23,50.83,2.69,0.65,2.0,-0.8968609865470852,top lane,"27,819",BRONZE
Amumu,50.87,-2.57,53.44,5.76,3.71,19.0,-7.392996108949417,jungle lane,"59,554",BRONZE
Kayn,48.19,-1.94,50.129999999999995,9.68,6.25,5.0,-2.577319587628866,jungle lane,"100,059",BRONZE
Jhin,47.17,-2.69,49.86,14.48,5.59,-8.0,2.9739776951672865,bottom lane,"149,704",BRONZE
Ziggs,49.6,-1.51,51.11,2.06,1.16,4.0,-2.6490066225165565,bottom lane,"21,291",BRONZE
Leona,49.89,-2.62,52.51,8.74,9.97,21.0,-8.015267175572518,support lane,"90,373",BRONZE
Hecarim,43.07,-1.85,44.92,1.69,0.60,-8.0,4.324324324324324,jungle lane,"17,455",BRONZE
Kled,48.61,-3.39,52.0,1.00,0.76,1.0,-0.2949852507374631,top lane,"10,314",BRONZE
Vayne,47.22,-2.94,50.16,6.07,10.85,-3.0,1.0204081632653061,bottom lane,"62,795",BRONZE
Master Yi,48.6,-2.2,50.800000000000004,13.90,24.27,16.0,-7.2727272727272725,jungle lane,"143,711",BRONZE
Anivia,47.64,-2.52,50.160000000000004,1.68,1.23,0.0,-0.0,middle lane,"17,390",BRONZE
Janna,47.46,-2.25,49.71,0.92,0.15,0.0,-0.0,support lane,"9,546",BRONZE
Nocturne,49.0,-2.39,51.39,9.66,13.15,14.0,-5.857740585774058,jungle lane,"99,891",BRONZE
Heimerdinger,49.62,-1.84,51.46,3.23,8.98,7.0,-3.8043478260869565,top lane,"33,384",BRONZE
Ezreal,44.65,-2.71,47.36,10.91,5.48,-35.0,12.915129151291513,bottom lane,"112,839",BRONZE
Kassadin,46.21,-2.86,49.07,1.13,0.61,-2.0,0.6993006993006994,middle lane,"11,706",BRONZE
Corki,43.92,-2.65,46.57,1.08,0.32,-4.0,1.509433962264151,bottom lane,"11,135",BRONZE
Poppy,48.47,-1.96,50.43,1.40,0.65,1.0,-0.5102040816326531,support lane,"14,453",BRONZE
Akali,46.21,-1.84,48.050000000000004,9.03,16.24,-16.0,8.695652173913043,middle lane,"93,404",BRONZE
Nautilus,47.5,-2.63,50.13,10.24,11.51,-3.0,1.1406844106463878,support lane,"105,926",BRONZE
Kindred,45.36,-2.02,47.38,2.54,0.62,-6.0,2.9702970297029703,jungle lane,"26,255",BRONZE
Smolder,48.97,-2.65,51.62,6.40,3.27,8.0,-3.018867924528302,bottom lane,"66,180",BRONZE
Swain,48.53,-3.21,51.74,6.01,8.30,5.0,-1.557632398753894,support lane,"62,190",BRONZE
Kai'Sa,46.13,-2.53,48.660000000000004,9.70,2.18,-16.0,6.32411067193676,bottom lane,"100,307",BRONZE
Aatrox,44.87,-1.94,46.809999999999995,3.74,5.99,-11.0,5.670103092783505,top lane,"38,696",BRONZE
Lillia,48.87,-2.64,51.51,3.17,2.14,4.0,-1.5151515151515151,jungle lane,"32,769",BRONZE
Lucian,44.19,-2.74,46.93,4.65,1.47,-17.0,6.204379562043795,bottom lane,"48,056",BRONZE
Wukong,48.2,-2.16,50.36,2.21,0.48,1.0,-0.4629629629629629,jungle lane,"22,861",BRONZE
Jayce,43.5,-2.14,45.64,1.43,0.90,-6.0,2.803738317757009,top lane,"14,813",BRONZE
Kalista,45.05,-1.9,46.949999999999996,1.21,0.45,-3.0,1.5789473684210527,bottom lane,"12,474",BRONZE
Sylas,45.74,-1.99,47.730000000000004,6.34,9.68,-14.0,7.035175879396985,middle lane,"65,533",BRONZE
Thresh,46.51,-2.41,48.92,7.47,2.81,-9.0,3.734439834024896,support lane,"77,194",BRONZE
Xayah,47.08,-2.38,49.46,2.93,0.62,-2.0,0.8403361344537815,bottom lane,"30,291",BRONZE
Elise,44.71,-3.14,47.85,0.73,0.33,-2.0,0.6369426751592356,jungle lane,"7,549",BRONZE
Sivir,46.79,-2.34,49.129999999999995,2.88,1.55,-3.0,1.2820512820512822,bottom lane,"29,749",BRONZE
Nunu & Willump,45.89,-1.88,47.77,2.16,0.57,-4.0,2.127659574468085,jungle lane,"22,282",BRONZE
Gangplank,46.51,-2.6,49.11,1.73,1.27,-2.0,0.7692307692307692,top lane,"17,855",BRONZE
Maokai,49.53,-2.53,52.06,2.81,0.44,5.0,-1.9762845849802373,support lane,"29,045",BRONZE
Hwei,48.33,-2.43,50.76,2.47,1.08,2.0,-0.8230452674897119,middle lane,"25,562",BRONZE
Zac,46.14,-2.81,48.95,1.55,0.43,-2.0,0.7117437722419929,jungle lane,"16,017",BRONZE
Zeri,46.53,-1.49,48.02,1.11,0.18,-1.0,0.6711409395973155,bottom lane,"11,500",BRONZE
Rakan,46.88,-1.65,48.53,2.07,0.32,-2.0,1.2121212121212122,support lane,"21,422",BRONZE
Urgot,49.46,-2.16,51.620000000000005,3.32,2.16,6.0,-2.7777777777777777,top lane,"34,349",BRONZE
Tristana,46.45,-2.19,48.64,7.99,4.27,-11.0,5.0228310502283104,bottom lane,"82,640",BRONZE
Talon,44.92,-2.35,47.27,2.36,1.02,-7.0,2.978723404255319,middle lane,"24,352",BRONZE
Riven,42.61,-2.53,45.14,1.75,0.50,-9.0,3.557312252964427,top lane,"18,080",BRONZE
Varus,44.2,-1.86,46.06,4.15,1.97,-15.0,8.064516129032258,bottom lane,"42,943",BRONZE
Lulu,45.78,-2.57,48.35,3.44,2.02,-7.0,2.7237354085603114,support lane,"35,614",BRONZE
Warwick,48.95,-1.08,50.03,9.43,9.05,13.0,-12.037037037037036,jungle lane,"97,480",BRONZE
Pantheon,46.87,-2.45,49.32,5.13,2.64,-4.0,1.6326530612244896,support lane,"53,068",BRONZE
Zaahen,46.28,-2.45,48.730000000000004,2.24,3.15,-3.0,1.2244897959183672,top lane,"23,199",BRONZE
Lee Sin,44.51,-2.21,46.72,6.98,8.09,-24.0,10.85972850678733,jungle lane,"72,206",BRONZE
Fiora,45.07,-2.36,47.43,2.30,1.81,-6.0,2.5423728813559325,top lane,"23,825",BRONZE
Qiyana,42.89,-2.01,44.9,1.10,0.26,-5.0,2.4875621890547266,middle lane,"11,404",BRONZE
Seraphine,49.26,-1.59,50.85,13.91,4.84,23.0,-14.465408805031446,support lane,"143,816",BRONZE
Twisted Fate,45.76,-2.83,48.589999999999996,1.76,0.25,-3.0,1.0600706713780919,middle lane,"18,159",BRONZE
Karma,46.75,-2.57,49.32,3.04,1.64,-3.0,1.1673151750972763,support lane,"31,447",BRONZE
Darius,44.81,-2.41,47.22,9.40,18.03,-33.0,13.692946058091286,top lane,"97,236",BRONZE
Bard,45.95,-2.01,47.96,1.64,0.62,-3.0,1.492537313432836,support lane,"16,924",BRONZE
Diana,48.83,-1.86,50.69,5.10,6.25,6.0,-3.225806451612903,middle lane,"52,764",BRONZE
Syndra,46.97,-2.95,49.92,2.12,1.63,-2.0,0.6779661016949152,middle lane,"21,971",BRONZE
Vladimir,45.86,-2.98,48.839999999999996,1.73,2.38,-3.0,1.0067114093959733,middle lane,"17,855",BRONZE
Evelynn,45.35,-1.86,47.21,2.22,1.33,-5.0,2.6881720430107525,jungle lane,"22,905",BRONZE
Quinn,46.77,-1.96,48.730000000000004,1.73,1.37,-2.0,1.0204081632653061,top lane,"17,846",BRONZE
Malphite,48.64,-1.73,50.37,6.37,12.70,7.0,-4.046242774566474,top lane,"65,853",BRONZE
Nidalee,39.92,-1.81,41.730000000000004,0.85,0.25,-7.0,3.867403314917127,jungle lane,"8,768",BRONZE
Alistar,46.47,-3.16,49.629999999999995,2.02,0.86,-3.0,0.9493670886075949,support lane,"20,906",BRONZE
Trundle,48.21,-2.65,50.86,2.53,1.12,1.0,-0.37735849056603776,top lane,"26,158",BRONZE
Lux,48.9,-2.27,51.17,20.42,24.37,32.0,-14.09691629955947,support lane,"211,178",BRONZE
LeBlanc,46.4,-2.1,48.5,3.31,10.20,-5.0,2.380952380952381,middle lane,"34,251",BRONZE
Mordekaiser,49.44,-2.06,51.5,11.55,18.57,24.0,-11.650485436893204,top lane,"119,393",BRONZE
Neeko,46.64,-1.66,48.3,4.05,1.95,-4.0,2.4096385542168677,support lane,"41,878",BRONZE
Olaf,47.35,-2.6,49.95,2.31,1.50,-1.0,0.3846153846153846,top lane,"23,844",BRONZE
Rengar,41.02,-1.57,42.59,2.27,1.20,-15.0,9.554140127388534,jungle lane,"23,461",BRONZE
Vel'Koz,48.85,-2.41,51.260000000000005,3.36,1.74,4.0,-1.6597510373443982,support lane,"34,756",BRONZE
Akshan,46.02,-1.94,47.96,1.68,1.36,-3.0,1.5463917525773196,middle lane,"17,391",BRONZE
Fiddlesticks,47.16,-2.31,49.47,1.97,0.68,-1.0,0.4329004329004329,jungle lane,"20,407",BRONZE
Rumble,44.34,-3.03,47.370000000000005,1.38,0.51,-5.0,1.6501650165016504,top lane,"14,249",BRONZE
Kha'Zix,42.78,-2.63,45.410000000000004,3.24,1.86,-16.0,6.083650190114069,jungle lane,"33,544",BRONZE
Morgana,49.3,-2.19,51.489999999999995,12.95,26.06,28.0,-12.785388127853881,support lane,"133,857",BRONZE
Sejuani,47.82,-2.7,50.52,1.84,0.24,0.0,-0.0,jungle lane,"19,046",BRONZE
Lissandra,46.65,-3.38,50.03,2.22,1.29,-2.0,0.591715976331361,middle lane,"22,936",BRONZE
Zed,45.0,-2.69,47.69,6.51,18.41,-22.0,8.178438661710038,middle lane,"67,293",BRONZE
Ivern,43.53,-1.49,45.02,0.64,0.23,-3.0,2.0134228187919465,jungle lane,"6,626",BRONZE
Shaco,45.79,-2.35,48.14,6.12,31.73,-17.0,7.234042553191489,jungle lane,"63,273",BRONZE
Tahm Kench,47.74,-2.37,50.11,4.63,6.19,0.0,-0.0,support lane,"47,903",BRONZE
Cho'Gath,46.91,-2.7,49.61,3.33,1.47,-3.0,1.111111111111111,top lane,"34,401",BRONZE
Skarner,45.62,-1.75,47.37,0.64,0.16,-1.0,0.5714285714285714,jungle lane,"6,624",BRONZE
Pyke,45.47,-2.01,47.48,6.64,15.30,-18.0,8.955223880597016,support lane,"68,632",BRONZE
Yone,48.48,-2.06,50.54,10.05,8.95,8.0,-3.883495145631068,middle lane,"103,926",BRONZE
Fizz,48.73,-2.5,51.23,6.24,12.50,7.0,-2.8,middle lane,"64,557",BRONZE
K'Sante,42.13,-1.64,43.77,1.86,0.99,-11.0,6.707317073170732,top lane,"19,247",BRONZE
Tryndamere,48.36,-2.37,50.73,4.40,3.79,3.0,-1.2658227848101264,top lane,"45,468",BRONZE
Udyr,45.38,-2.22,47.6,1.35,0.44,-3.0,1.3513513513513513,jungle lane,"13,974",BRONZE
Blitzcrank,47.74,-1.81,49.550000000000004,7.14,15.88,0.0,-0.0,support lane,"73,856",BRONZE
Katarina,45.66,-2.59,48.25,4.49,5.77,-10.0,3.8610038610038613,middle lane,"46,420",BRONZE
Vi,47.01,-3.28,50.29,4.30,0.83,-3.0,0.9146341463414634,jungle lane,"44,505",BRONZE
Aurora,45.91,-2.21,48.12,2.62,1.69,-5.0,2.262443438914027,middle lane,"27,052",BRONZE
Annie,46.18,-2.62,48.8,2.00,1.00,-3.0,1.1450381679389312,middle lane,"20,717",BRONZE
Galio,48.13,-2.38,50.510000000000005,3.46,1.90,1.0,-0.42016806722689076,middle lane,"35,814",BRONZE
Zoe,44.4,-2.06,46.46,2.87,2.54,-10.0,4.854368932038835,middle lane,"29,721",BRONZE
Senna,45.82,-2.5,48.32,4.37,1.14,-8.0,3.2,support lane,"45,231",BRONZE
Kennen,44.36,-2.38,46.74,1.48,1.00,-5.0,2.100840336134454,top lane,"15,350",BRONZE
Teemo,49.28,-2.06,51.34,8.63,21.35,17.0,-8.252427184466018,top lane,"89,247",BRONZE
Yuumi,45.79,2.5,43.29,4.46,2.61,-9.0,-3.6,support lane,"46,110",BRONZE
Nasus,48.71,-2.58,51.29,5.90,4.95,6.0,-2.3255813953488373,top lane,"61,046",BRONZE
Braum,47.46,-2.41,49.870000000000005,3.11,2.01,-1.0,0.41493775933609955,support lane,"32,166",BRONZE
Taliyah,42.29,-1.16,43.449999999999996,0.64,0.11,-3.0,2.586206896551724,middle lane,"6,617",BRONZE
Renata Glasc,47.2,-2.52,49.720000000000006,0.65,0.17,0.0,-0.0,support lane,"6,726",BRONZE
Orianna,44.71,-3.39,48.1,2.27,0.58,-7.0,2.0648967551622417,middle lane,"23,491",BRONZE
Ryze,44.54,-2.78,47.32,1.86,0.44,-6.0,2.1582733812949644,middle lane,"19,232",BRONZE
Cassiopeia,44.61,-2.72,47.33,1.09,0.76,-3.0,1.102941176470588,middle lane,"11,237",BRONZE
Renekton,47.4,-2.38,49.78,4.43,2.59,-1.0,0.42016806722689076,top lane,"45,758",BRONZE
Vex,47.89,-1.7,49.59,5.11,4.94,1.0,-0.5882352941176471,middle lane,"52,826",BRONZE
Gwen,44.21,-1.72,45.93,2.60,2.01,-9.0,5.232558139534884,top lane,"26,893",BRONZE
Gnar,45.0,-2.71,47.71,2.25,0.71,-6.0,2.2140221402214024,top lane,"23,255",BRONZE
Camille,42.15,-2.48,44.629999999999995,0.96,0.43,-5.0,2.0161290322580645,top lane,"9,947",BRONZE
Mel,46.19,-1.99,48.18,7.82,44.51,-22.0,11.055276381909549,middle lane,"80,849",BRONZE
Azir,42.49,-1.94,44.43,1.68,0.51,-9.0,4.639175257731959,middle lane,"17,319",BRONZE
Gragas,41.38,-2.4,43.78,0.91,0.23,-6.0,2.5,top lane,"9,420",BRONZE
Jarvan IV,43.09,-7.58,50.67,2.22,0.55,2.0,-0.2638522427440633,jungle lane,"5,212",IRON
Karthus,44.17,-7.96,52.13,1.05,0.27,2.0,-0.25125628140703515,jungle lane,"2,463",IRON
Jinx,41.55,-8.53,50.08,14.28,7.82,-10.0,1.1723329425556859,bottom lane,"33,608",IRON
Ambessa,39.78,-10.43,50.21,1.86,2.44,-5.0,0.4793863854266539,jungle lane,"4,371",IRON
Kog'Maw,44.58,-8.03,52.61,1.30,0.50,3.0,-0.3735990037359901,bottom lane,"3,062",IRON
Ashe,43.14,-7.11,50.25,16.82,8.77,18.0,-2.531645569620253,bottom lane,"39,579",IRON
Elise,41.05,-11.92,52.97,0.52,0.29,-1.0,0.08389261744966443,jungle lane,"1,223",IRON
Rek'Sai,37.28,-5.6,42.88,0.66,0.38,-3.0,0.5357142857142857,jungle lane,"1,556",IRON
Yunara,41.01,-6.92,47.93,5.95,2.09,-7.0,1.0115606936416186,bottom lane,"14,007",IRON
Xin Zhao,43.95,-7.45,51.400000000000006,5.87,1.35,11.0,-1.4765100671140938,jungle lane,"13,812",IRON
Nilah,43.15,-10.01,53.16,1.44,1.48,1.0,-0.0999000999000999,bottom lane,"3,395",IRON
Naafiri,43.69,-6.52,50.209999999999994,5.38,12.82,9.0,-1.3803680981595092,middle lane,"12,652",IRON
Corki,40.79,-9.96,50.75,0.81,0.34,-1.0,0.1004016064257028,bottom lane,"1,910",IRON
Nami,45.13,-7.3,52.43,4.24,1.02,13.0,-1.7808219178082192,support lane,"9,971",IRON
Kassadin,42.28,-6.56,48.84,0.86,0.52,0.0,-0.0,middle lane,"2,020",IRON
Caitlyn,42.61,-8.04,50.65,18.81,32.25,12.0,-1.492537313432836,bottom lane,"44,258",IRON
Shen,42.57,-8.37,50.94,1.55,0.93,1.0,-0.11947431302270013,top lane,"3,655",IRON
Graves,40.11,-10.09,50.2,3.77,3.11,-8.0,0.7928642220019821,jungle lane,"8,864",IRON
Sion,45.75,-8.19,53.94,2.38,1.20,9.0,-1.098901098901099,top lane,"5,609",IRON
Twitch,42.24,-8.02,50.260000000000005,4.53,10.24,0.0,-0.0,bottom lane,"10,656",IRON
Hecarim,38.54,-7.24,45.78,1.93,0.60,-7.0,0.9668508287292817,jungle lane,"4,551",IRON
Singed,45.97,-7.34,53.31,1.40,0.97,5.0,-0.6811989100817439,top lane,"3,300",IRON
Shyvana,46.9,-8.18,55.08,6.80,6.52,34.0,-4.156479217603912,jungle lane,"16,012",IRON
Ekko,43.01,-7.64,50.65,3.07,2.56,3.0,-0.39267015706806285,middle lane,"7,233",IRON
Rell,46.47,-6.2,52.67,2.00,0.80,9.0,-1.4516129032258065,support lane,"4,698",IRON
Taric,45.68,-5.63,51.31,1.03,0.35,4.0,-0.7104795737122558,support lane,"2,417",IRON
Aurelion Sol,45.14,-6.93,52.07,2.48,1.52,7.0,-1.0101010101010102,middle lane,"5,829",IRON
Jhin,42.32,-8.25,50.57,12.35,6.27,2.0,-0.24242424242424243,bottom lane,"29,058",IRON
Nautilus,44.36,-6.56,50.92,9.38,10.32,23.0,-3.50609756097561,support lane,"22,068",IRON
Viktor,43.48,-9.37,52.849999999999994,1.92,1.23,3.0,-0.32017075773746,middle lane,"4,524",IRON
Draven,39.75,-8.66,48.41,2.44,5.68,-6.0,0.6928406466512702,bottom lane,"5,753",IRON
Viego,41.68,-8.4,50.08,10.90,9.70,-6.0,0.7142857142857143,jungle lane,"25,645",IRON
Ahri,41.49,-7.52,49.010000000000005,11.82,6.27,-9.0,1.196808510638298,middle lane,"27,804",IRON
Bel'Veth,38.95,-10.85,49.800000000000004,0.96,0.74,-3.0,0.2764976958525346,jungle lane,"2,257",IRON
Aphelios,40.82,-6.68,47.5,2.85,2.01,-4.0,0.5988023952095809,bottom lane,"6,713",IRON
Jax,44.38,-8.61,52.99,7.98,9.71,20.0,-2.3228803716608595,jungle lane,"18,788",IRON
Vayne,41.96,-8.3,50.260000000000005,4.97,10.51,-1.0,0.12048192771084336,bottom lane,"11,691",IRON
Skarner,43.43,-6.84,50.269999999999996,0.60,0.15,1.0,-0.14619883040935672,jungle lane,"1,407",IRON
Kai'Sa,41.26,-6.99,48.25,9.10,2.33,-8.0,1.144492131616595,bottom lane,"21,404",IRON
Wukong,43.6,-8.53,52.13,2.40,0.54,3.0,-0.3516998827667058,jungle lane,"5,647",IRON
Ezreal,40.05,-6.85,46.9,8.65,5.50,-19.0,2.7737226277372264,bottom lane,"20,354",IRON
Yasuo,42.16,-10.08,52.239999999999995,12.22,22.35,0.0,-0.0,middle lane,"28,762",IRON
Milio,45.29,-5.85,51.14,2.52,0.77,8.0,-1.3675213675213675,support lane,"5,940",IRON
Miss Fortune,44.54,-7.99,52.53,29.03,15.89,82.0,-10.262828535669586,bottom lane,"68,319",IRON
Zilean,43.07,-7.03,50.1,0.94,0.31,1.0,-0.14224751066856328,support lane,"2,222",IRON
Poppy,44.55,-9.3,53.849999999999994,1.25,0.53,3.0,-0.3225806451612903,support lane,"2,947",IRON
Ziggs,43.42,-5.39,48.81,2.59,1.41,3.0,-0.5565862708719852,bottom lane,"6,094",IRON
Xerath,42.93,-6.55,49.48,4.71,10.91,4.0,-0.6106870229007634,middle lane,"11,090",IRON
Kindred,38.93,-7.58,46.51,2.69,0.60,-9.0,1.187335092348285,jungle lane,"6,322",IRON
Thresh,41.83,-8.18,50.01,5.99,2.39,-2.0,0.24449877750611249,support lane,"14,106",IRON
Talon,39.85,-9.1,48.95,2.20,1.05,-5.0,0.5494505494505495,middle lane,"5,185",IRON
Lucian,38.52,-8.21,46.730000000000004,3.65,1.30,-13.0,1.5834348355663823,bottom lane,"8,596",IRON
Twisted Fate,40.7,-7.03,47.730000000000004,1.35,0.25,-2.0,0.28449502133712656,middle lane,"3,167",IRON
Sona,44.3,-7.1,51.4,3.65,0.44,8.0,-1.1267605633802817,support lane,"8,584",IRON
Soraka,43.74,-6.82,50.56,2.64,1.36,4.0,-0.5865102639296187,support lane,"6,203",IRON
Zac,40.4,-6.73,47.129999999999995,1.31,0.36,-2.0,0.2971768202080238,jungle lane,"3,079",IRON
Ornn,43.33,-6.76,50.089999999999996,2.27,0.57,3.0,-0.4437869822485207,top lane,"5,333",IRON
Brand,45.29,-8.1,53.39,5.10,7.49,17.0,-2.0987654320987654,support lane,"11,999",IRON
Lillia,44.32,-8.79,53.11,2.86,1.90,6.0,-0.6825938566552902,jungle lane,"6,740",IRON
Smolder,42.77,-10.1,52.870000000000005,5.18,2.54,3.0,-0.297029702970297,bottom lane,"12,191",IRON
Nocturne,43.72,-6.36,50.08,9.81,11.83,17.0,-2.6729559748427674,jungle lane,"23,085",IRON
Jayce,37.54,-8.02,45.56,1.12,0.77,-5.0,0.6234413965087282,top lane,"2,624",IRON
Qiyana,37.63,-5.18,42.81,1.14,0.24,-5.0,0.9652509652509653,middle lane,"2,676",IRON
Samira,40.7,-9.52,50.22,5.80,14.42,-10.0,1.050420168067227,bottom lane,"13,649",IRON
Swain,44.16,-8.74,52.9,4.79,8.55,10.0,-1.1441647597254003,support lane,"11,279",IRON
Kayn,41.6,-8.74,50.34,10.41,6.25,-6.0,0.6864988558352403,jungle lane,"24,501",IRON
Hwei,44.03,-6.21,50.24,2.46,0.96,5.0,-0.8051529790660226,middle lane,"5,796",IRON
Kayle,41.89,-7.25,49.14,3.90,2.81,-1.0,0.13793103448275862,top lane,"9,179",IRON
Rakan,41.53,-7.66,49.19,1.84,0.33,-1.0,0.13054830287206265,support lane,"4,322",IRON
Xayah,41.18,-7.77,48.95,3.01,0.64,-3.0,0.3861003861003861,bottom lane,"7,093",IRON
Sylas,40.09,-8.44,48.53,6.50,9.23,-15.0,1.7772511848341233,middle lane,"15,302",IRON
Master Yi,41.99,-8.89,50.88,16.98,25.44,-4.0,0.44994375703037115,jungle lane,"39,945",IRON
Akali,40.27,-7.42,47.690000000000005,9.97,16.16,-23.0,3.0997304582210243,middle lane,"23,462",IRON
Lulu,40.99,-7.59,48.58,2.67,1.17,-3.0,0.3952569169960474,support lane,"6,275",IRON
Sivir,40.06,-7.19,47.25,2.76,1.42,-6.0,0.8344923504867872,bottom lane,"6,486",IRON
Rumble,40.55,-6.64,47.19,1.11,0.47,-2.0,0.30120481927710846,top lane,"2,614",IRON
Riven,36.36,-6.6,42.96,1.71,0.44,-10.0,1.5151515151515151,top lane,"4,018",IRON
Kalista,37.19,-9.57,46.76,1.07,0.52,-5.0,0.522466039707419,bottom lane,"2,509",IRON
Veigar,44.81,-8.53,53.34,9.50,8.61,27.0,-3.165298944900352,middle lane,"22,357",IRON
Nidalee,34.45,-10.15,44.6,0.70,0.23,-5.0,0.49261083743842365,jungle lane,"1,643",IRON
Yorick,46.76,-8.11,54.87,5.26,16.05,29.0,-3.5758323057953145,top lane,"12,378",IRON
Alistar,42.38,-8.99,51.370000000000005,1.53,0.72,0.0,-0.0,support lane,"3,598",IRON
Volibear,43.52,-7.59,51.11,5.79,4.79,8.0,-1.0540184453227932,jungle lane,"13,615",IRON
Varus,40.41,-6.77,47.17999999999999,4.88,2.01,-9.0,1.3293943870014773,bottom lane,"11,481",IRON
Aatrox,38.49,-7.38,45.870000000000005,4.00,5.74,-16.0,2.1680216802168024,top lane,"9,417",IRON
Irelia,41.72,-8.6,50.32,3.90,8.07,-2.0,0.23255813953488372,middle lane,"9,178",IRON
Pantheon,42.28,-7.3,49.58,5.16,2.64,1.0,-0.136986301369863,support lane,"12,144",IRON
Fiora,39.66,-8.04,47.699999999999996,2.05,1.52,-5.0,0.6218905472636816,top lane,"4,829",IRON
Karma,41.34,-6.9,48.24,1.98,1.04,-2.0,0.2898550724637681,support lane,"4,666",IRON
Kled,43.06,-6.61,49.67,0.89,0.73,1.0,-0.151285930408472,top lane,"2,097",IRON
Tristana,40.24,-7.46,47.7,8.62,5.34,-18.0,2.4128686327077746,bottom lane,"20,287",IRON
Rammus,45.55,-8.33,53.879999999999995,2.78,5.57,10.0,-1.2004801920768307,jungle lane,"6,544",IRON
Malzahar,46.29,-7.11,53.4,6.34,17.24,32.0,-4.50070323488045,middle lane,"14,907",IRON
Lissandra,41.84,-7.13,48.970000000000006,1.67,1.08,-1.0,0.1402524544179523,middle lane,"3,922",IRON
Zeri,39.1,-8.56,47.660000000000004,1.12,0.18,-3.0,0.35046728971962615,bottom lane,"2,642",IRON
Janna,40.59,-7.85,48.440000000000005,0.85,0.15,-1.0,0.12738853503184713,support lane,"1,993",IRON
Aurora,42.02,-6.81,48.830000000000005,2.66,1.61,0.0,-0.0,middle lane,"6,254",IRON
Briar,45.26,-7.77,53.03,8.25,16.55,31.0,-3.98970398970399,jungle lane,"19,403",IRON
Lee Sin,38.16,-8.37,46.529999999999994,6.55,7.12,-28.0,3.3452807646356035,jungle lane,"15,413",IRON
Zyra,44.79,-8.23,53.019999999999996,3.39,3.47,9.0,-1.0935601458080193,support lane,"7,980",IRON
Gangplank,40.86,-8.08,48.94,1.10,0.96,-1.0,0.12376237623762376,top lane,"2,594",IRON
Vi,44.79,-7.16,51.95,3.93,0.75,10.0,-1.3966480446927374,jungle lane,"9,257",IRON
Nunu & Willump,38.82,-6.63,45.45,2.39,0.62,-8.0,1.2066365007541477,jungle lane,"5,616",IRON
Anivia,39.93,-9.51,49.44,1.29,1.17,-3.0,0.31545741324921134,middle lane,"3,043",IRON
Maokai,45.22,-6.25,51.47,2.60,0.45,8.0,-1.28,support lane,"6,110",IRON
Garen,42.9,-8.3,51.2,12.55,10.31,10.0,-1.2048192771084336,top lane,"29,520",IRON
Quinn,41.29,-5.95,47.24,1.46,1.27,-1.0,0.1680672268907563,top lane,"3,432",IRON
Akshan,40.83,-9.5,50.33,1.58,1.39,-2.0,0.21052631578947367,middle lane,"3,708",IRON
Bard,39.21,-9.42,48.63,1.37,0.65,-4.0,0.42462845010615713,support lane,"3,221",IRON
Orianna,41.37,-7.18,48.55,1.62,0.61,-1.0,0.1392757660167131,middle lane,"3,802",IRON
Rengar,35.1,-9.01,44.11,2.32,1.15,-17.0,1.8867924528301887,jungle lane,"5,450",IRON
K'Sante,37.11,-8.03,45.14,1.70,0.84,-9.0,1.1207970112079702,top lane,"4,002",IRON
Trundle,43.72,-8.26,51.98,2.51,1.22,4.0,-0.48426150121065376,top lane,"5,895",IRON
Pyke,42.0,-6.47,48.47,6.96,16.92,-1.0,0.1545595054095827,support lane,"16,370",IRON
Galio,44.69,-6.4,51.089999999999996,3.47,2.04,9.0,-1.40625,middle lane,"8,160",IRON
Neeko,42.25,-6.87,49.12,5.05,2.37,0.0,-0.0,support lane,"11,892",IRON
LeBlanc,40.44,-8.62,49.059999999999995,2.77,9.10,-5.0,0.580046403712297,middle lane,"6,508",IRON
Sejuani,42.74,-7.33,50.07,1.63,0.22,1.0,-0.1364256480218281,jungle lane,"3,837",IRON
Darius,39.32,-9.19,48.51,9.55,17.52,-33.0,3.5908596300326443,top lane,"22,469",IRON
Seraphine,44.6,-5.9,50.5,17.40,5.84,45.0,-7.627118644067796,support lane,"40,938",IRON
Zaahen,40.26,-10.79,51.05,2.26,2.47,-4.0,0.37071362372567196,top lane,"5,325",IRON
Kha'Zix,36.86,-7.75,44.61,3.22,1.81,-17.0,2.193548387096774,jungle lane,"7,588",IRON
Evelynn,38.87,-7.78,46.65,2.46,1.26,-8.0,1.0282776349614395,jungle lane,"5,799",IRON
Dr. Mundo,44.22,-7.81,52.03,4.82,10.46,11.0,-1.4084507042253522,top lane,"11,349",IRON
Leona,44.61,-8.3,52.91,6.83,8.71,18.0,-2.1686746987951806,support lane,"16,072",IRON
Syndra,40.44,-8.34,48.78,1.46,1.39,-3.0,0.3597122302158273,middle lane,"3,437",IRON
Fiddlesticks,40.72,-8.67,49.39,1.82,0.64,-3.0,0.34602076124567477,jungle lane,"4,280",IRON
Heimerdinger,44.6,-7.64,52.24,3.91,11.32,11.0,-1.4397905759162304,top lane,"9,197",IRON
Udyr,39.28,-7.97,47.25,1.30,0.39,-4.0,0.5018820577164367,jungle lane,"3,063",IRON
Olaf,42.43,-8.1,50.53,2.41,1.50,1.0,-0.1234567901234568,top lane,"5,668",IRON
Zed,39.49,-8.24,47.730000000000004,5.87,16.53,-19.0,2.3058252427184467,middle lane,"13,806",IRON
Urgot,44.31,-8.22,52.53,2.87,2.33,6.0,-0.7299270072992701,top lane,"6,762",IRON
Vladimir,37.96,-11.15,49.11,1.25,2.13,-5.0,0.44843049327354256,middle lane,"2,932",IRON
Amumu,45.52,-7.02,52.540000000000006,5.10,3.71,18.0,-2.5641025641025643,jungle lane,"11,991",IRON
Diana,43.13,-7.73,50.86,5.68,6.30,6.0,-0.7761966364812418,middle lane,"13,371",IRON
Lux,43.89,-7.56,51.45,21.15,28.39,51.0,-6.746031746031746,support lane,"49,761",IRON
Zoe,40.14,-3.14,43.28,3.13,2.78,-7.0,2.229299363057325,middle lane,"7,359",IRON
Ivern,34.67,-5.92,40.59,0.68,0.27,-5.0,0.8445945945945946,jungle lane,"1,601",IRON
Shaco,39.76,-8.25,48.01,5.91,31.25,-21.0,2.5454545454545454,jungle lane,"13,909",IRON
Kennen,40.23,-6.26,46.489999999999995,1.45,0.94,-3.0,0.4792332268370607,top lane,"3,415",IRON
Cho'Gath,41.54,-6.93,48.47,3.39,1.66,-2.0,0.28860028860028863,top lane,"7,978",IRON
Warwick,41.76,-6.91,48.67,13.99,11.71,-6.0,0.8683068017366136,jungle lane,"32,927",IRON
Fizz,43.13,-7.21,50.34,5.46,12.68,6.0,-0.8321775312066574,middle lane,"12,846",IRON
Vel'Koz,43.87,-7.53,51.4,3.01,1.72,5.0,-0.6640106241699867,support lane,"7,075",IRON
Ryze,39.52,-6.75,46.27,1.38,0.41,-4.0,0.5925925925925926,middle lane,"3,249",IRON
Gnar,41.16,-7.33,48.489999999999995,2.01,0.65,-2.0,0.2728512960436562,top lane,"4,733",IRON
Katarina,39.02,-9.64,48.660000000000004,3.81,5.23,-13.0,1.3485477178423235,middle lane,"8,962",IRON
Blitzcrank,42.88,-8.34,51.22,7.61,16.93,7.0,-0.8393285371702638,support lane,"17,898",IRON
Taliyah,36.18,-8.25,44.43,0.70,0.12,-4.0,0.48484848484848486,middle lane,"1,650",IRON
Illaoi,44.51,-8.27,52.78,5.91,16.98,17.0,-2.055622732769045,top lane,"13,918",IRON
Tryndamere,42.77,-9.6,52.370000000000005,4.10,4.13,3.0,-0.3125,top lane,"9,658",IRON
Tahm Kench,42.35,-8.92,51.27,4.29,6.23,1.0,-0.11210762331838565,support lane,"10,089",IRON
Yone,41.65,-8.68,50.33,11.48,9.66,-7.0,0.8064516129032259,middle lane,"27,007",IRON
Annie,40.27,-8.24,48.510000000000005,1.80,1.05,-3.0,0.3640776699029126,middle lane,"4,236",IRON
Malphite,41.62,-6.93,48.55,6.63,11.14,-4.0,0.5772005772005773,top lane,"15,589",IRON
Senna,40.52,-8.63,49.150000000000006,3.63,1.12,-6.0,0.6952491309385863,support lane,"8,552",IRON
Nasus,43.47,-8.77,52.239999999999995,5.50,4.60,7.0,-0.798175598631699,top lane,"12,936",IRON
Morgana,44.3,-7.31,51.61,12.58,24.21,35.0,-4.7879616963064295,support lane,"29,609",IRON
Camille,38.75,-9.05,47.8,0.78,0.43,-3.0,0.3314917127071823,top lane,"1,835",IRON
Renekton,41.9,-5.63,47.53,4.73,2.69,-1.0,0.17761989342806395,top lane,"11,136",IRON
Cassiopeia,38.0,-6.86,44.86,0.92,0.72,-4.0,0.5830903790087463,middle lane,"2,171",IRON
Braum,42.95,-7.4,50.35,2.65,1.67,2.0,-0.27027027027027023,support lane,"6,238",IRON
Sett,44.26,-8.51,52.769999999999996,11.53,6.92,26.0,-3.055229142185664,top lane,"27,129",IRON
Gwen,37.41,-8.05,45.459999999999994,3.26,1.89,-16.0,1.9875776397515525,top lane,"7,672",IRON
Mordekaiser,43.3,-8.01,51.309999999999995,13.54,19.03,19.0,-2.3720349563046192,top lane,"31,851",IRON
Renata Glasc,43.13,-8.05,51.18000000000001,0.65,0.17,1.0,-0.12422360248447203,support lane,"1,535",IRON
Teemo,44.5,-6.07,50.57,8.68,24.11,27.0,-4.448105436573311,top lane,"20,416",IRON
Gragas,38.98,-2.99,41.97,0.91,0.22,-3.0,1.0033444816053512,top lane,"2,137",IRON
Vex,42.78,-7.73,50.510000000000005,6.56,5.18,4.0,-0.517464424320828,middle lane,"15,446",IRON
Mel,41.44,-7.95,49.39,9.22,45.39,-12.0,1.5094339622641508,middle lane,"21,695",IRON
Yuumi,31.04,-2.24,33.28,8.47,2.61,-97.0,43.30357142857142,support lane,"19,935",IRON
Azir,36.11,-6.68,42.79,1.66,0.60,-10.0,1.4970059880239521,middle lane,"3,902",IRON
